ons_id,constituency_name,region_name,constituency_type,first_party,second_party,electorate,valid_votes,majority,con,lab,ld,brexit,green,snp,pc,dup,sf,sdlp,uup,alliance,other,other_winner
W07000049,Aberavon,Wales,County,Lab,Con,50750,31598,10490,6518,17008,1072,3108,450,0,2711,0,0,0,0,0,731,0
W07000058,Aberconwy,Wales,County,Con,Lab,44699,31865,2034,14687,12653,1821,0,0,0,2704,0,0,0,0,0,0,0
S14000001,Aberdeen North,Scotland,Borough,SNP,Con,62489,37413,12670,7535,4939,2846,1008,880,20205,0,0,0,0,0,0,0,0
S14000002,Aberdeen South,Scotland,Borough,SNP,Con,65719,45638,3990,16398,3834,5018,0,0,20388,0,0,0,0,0,0,0,0
S14000003,Airdrie and Shotts,Scotland,County,SNP,Lab,64011,39772,5201,7011,12728,1419,0,685,17929,0,0,0,0,0,0,0,0
E14000530,Aldershot,South East,Borough,Con,Lab,72617,47932,16698,27980,11282,6920,0,1750,0,0,0,0,0,0,0,0,0
E14000531,Aldridge-Brownhills,West Midlands,Borough,Con,Lab,60138,39342,19836,27850,8014,2371,0,771,0,0,0,0,0,0,0,336,0
E14000532,Altrincham and Sale West,North West,Borough,Con,Lab,73107,54763,6139,26311,20172,6036,0,1566,0,0,0,0,0,0,0,678,0
W07000043,Alyn and Deeside,Wales,County,Lab,Con,62789,43008,213,18058,18271,2548,2678,0,0,1453,0,0,0,0,0,0,0
E14000533,Amber Valley,East Midlands,County,Con,Lab,69976,45567,16886,29096,12210,2873,0,1388,0,0,0,0,0,0,0,0,0
S14000004,Angus,Scotland,County,SNP,Con,63952,43170,3795,17421,2051,2482,0,0,21216,0,0,0,0,0,0,0,0
W07000057,Arfon,Wales,County,PC,Lab,42215,29074,2781,4428,10353,0,1159,0,0,13134,0,0,0,0,0,0,0
S14000005,Argyll and Bute,Scotland,County,SNP,Con,66525,48050,4110,16930,3248,6832,0,0,21040,0,0,0,0,0,0,0,0
E14000534,Arundel and South Downs,South East,County,Con,LD,81726,61408,22521,35566,9722,13045,0,2519,0,0,0,0,0,0,0,556,0
E14000535,Ashfield,East Midlands,County,Con,Ashfield Independents,78204,48980,5733,19231,11971,1105,2501,674,0,0,0,0,0,0,0,13498,0
E14000536,Ashford,South East,County,Con,Lab,89553,60059,24029,37270,13241,6048,0,2638,0,0,0,0,0,0,0,862,0
E14000537,Ashton-Under-Lyne,North West,Borough,Lab,Con,67978,38579,4263,14281,18544,1395,3151,1208,0,0,0,0,0,0,0,0,0
E14000538,Aylesbury,South East,County,Con,Lab,86665,60576,17373,32737,15364,10081,0,2394,0,0,0,0,0,0,0,0,0
S14000006,"Ayr, Carrick and Cumnock",Scotland,County,SNP,Con,71970,46592,2329,17943,6219,2158,0,0,20272,0,0,0,0,0,0,0,0
E14000539,Banbury,South East,County,Con,Lab,90116,62921,16813,34148,17335,8831,0,2607,0,0,0,0,0,0,0,0,0
S14000007,Banff and Buchan,Scotland,County,Con,SNP,66655,42260,4118,21182,1734,2280,0,0,17064,0,0,0,0,0,0,0,0
E14000540,Barking,London,Borough,Lab,Con,77953,44499,15427,11792,27219,1482,3186,820,0,0,0,0,0,0,0,0,0
E14000541,Barnsley Central,Yorkshire and The Humber,Borough,Lab,Brexit,65277,36903,3571,7892,14804,1176,11233,900,0,0,0,0,0,0,0,898,0
E14000542,Barnsley East,Yorkshire and The Humber,County,Lab,Brexit,69504,38070,3217,10377,14329,1330,11112,922,0,0,0,0,0,0,0,0,0
E14000543,Barrow and Furness,North West,County,Con,Lab,70158,46046,5789,23876,18087,2025,1355,703,0,0,0,0,0,0,0,0,0
E14000544,Basildon and Billericay,East,Borough,Con,Lab,69906,44128,20412,29590,9178,3741,0,1395,0,0,0,0,0,0,0,224,0
E14000545,Basingstoke,South East,Borough,Con,Lab,82928,54713,14198,29593,15395,6841,0,2138,0,0,0,0,0,0,0,746,0
E14000546,Bassetlaw,East Midlands,County,Con,Lab,80024,50841,14013,28078,14065,3332,5366,0,0,0,0,0,0,0,0,0,0
E14000547,Bath,South West,Borough,LD,Con,67805,52138,12322,16097,6639,28419,642,0,0,0,0,0,0,0,0,341,0
E14000548,Batley and Spen,Yorkshire and The Humber,Borough,Lab,Con,79558,52927,3525,19069,22594,2462,1678,692,0,0,0,0,0,0,0,6432,0
E14000549,Battersea,London,Borough,Lab,Con,79350,59977,5668,21622,27290,9150,386,1529,0,0,0,0,0,0,0,0,0
E14000550,Beaconsfield,South East,County,Con,Ind,77720,57868,15712,32477,5756,0,0,2033,0,0,0,0,0,0,0,17602,0
E14000551,Beckenham,London,Borough,Con,Lab,68662,50555,14258,27282,13024,8194,0,2055,0,0,0,0,0,0,0,0,0
E14000552,Bedford,East,Borough,Lab,Con,71581,47301,145,20346,20491,4608,896,960,0,0,0,0,0,0,0,0,0
N06000001,Belfast East,Northern Ireland,Borough,DUP,Alliance,66245,42445,1819,0,0,0,0,0,0,0,20874,0,0,2516,19055,0,0
N06000002,Belfast North,Northern Ireland,Borough,SF,DUP,72225,49037,1943,0,0,0,0,0,0,0,21135,23078,0,0,4824,0,0
N06000003,Belfast South,Northern Ireland,Borough,SDLP,DUP,69984,47352,15401,0,0,0,0,0,0,0,11678,0,27079,1259,6786,550,0
N06000004,Belfast West,Northern Ireland,Borough,SF,PBPA,65644,38782,14672,0,0,0,0,0,0,0,5220,20866,2985,0,1882,7829,0
E14000553,Bermondsey and Old Southwark,London,Borough,Lab,LD,93248,58615,16126,9678,31723,15597,1617,0,0,0,0,0,0,0,0,0,0
S14000008,"Berwickshire, Roxburgh and Selkirk",Scotland,County,Con,SNP,74518,53146,5148,25747,2513,4287,0,0,20599,0,0,0,0,0,0,0,0
E14000554,Berwick-Upon-Tweed,North East,County,Con,Lab,59939,42109,14835,23947,9112,7656,0,1394,0,0,0,0,0,0,0,0,0
E14000555,Bethnal Green and Bow,London,Borough,Lab,Con,88262,60562,37524,6528,44052,5892,1081,2570,0,0,0,0,0,0,0,439,0
E14000556,Beverley and Holderness,Yorkshire and The Humber,County,Con,Lab,79696,53542,20448,33250,12802,4671,0,1378,0,0,0,0,0,0,0,1441,0
E14000557,Bexhill and Battle,South East,County,Con,Lab,81963,59093,26059,37590,11531,7280,0,2692,0,0,0,0,0,0,0,0,0
E14000558,Bexleyheath and Crayford,London,Borough,Con,Lab,65466,43246,13103,25856,12753,2819,0,1298,0,0,0,0,0,0,0,520,0
E14000559,Birkenhead,North West,Borough,Lab,Birkenhead Social Justice Party,63762,42329,17705,5540,24990,1620,1489,1405,0,0,0,0,0,0,0,7285,0
E14000560,"Birmingham, Edgbaston",West Midlands,Borough,Lab,Con,68828,42328,5614,15603,21217,3349,1047,1112,0,0,0,0,0,0,0,0,0
E14000561,"Birmingham, Erdington",West Midlands,Borough,Lab,Con,66148,35229,3601,14119,17720,1301,1441,648,0,0,0,0,0,0,0,0,0
E14000562,"Birmingham, Hall Green",West Midlands,Borough,Lab,Con,80283,52911,28508,7381,35889,3673,877,818,0,0,0,0,0,0,0,4273,0
E14000563,"Birmingham, Hodge Hill",West Midlands,Borough,Lab,Con,78295,45003,28655,6742,35397,760,1519,328,0,0,0,0,0,0,0,257,0
E14000564,"Birmingham, Ladywood",West Midlands,Borough,Lab,Con,74912,42118,28582,4773,33355,2228,831,931,0,0,0,0,0,0,0,0,0
E14000565,"Birmingham, Northfield",West Midlands,Borough,Con,Lab,73694,43098,1640,19957,18317,1961,1655,954,0,0,0,0,0,0,0,254,0
E14000566,"Birmingham, Perry Barr",West Midlands,Borough,Lab,Con,72006,42147,15317,11277,26594,1901,1382,845,0,0,0,0,0,0,0,148,0
E14000567,"Birmingham, Selly Oak",West Midlands,Borough,Lab,Con,82665,49467,12414,15300,27714,3169,1436,1848,0,0,0,0,0,0,0,0,0
E14000568,"Birmingham, Yardley",West Midlands,Borough,Lab,Con,74704,42678,10659,12720,23379,3754,2246,579,0,0,0,0,0,0,0,0,0
E14000569,Bishop Auckland,North East,County,Con,Lab,68170,44805,7962,24067,16105,2133,2500,0,0,0,0,0,0,0,0,0,0
E14000570,Blackburn,North West,Borough,Lab,Con,71234,44736,18304,10736,29040,1130,2770,741,0,0,0,0,0,0,0,319,0
E14000571,Blackley and Broughton,North West,Borough,Lab,Con,73372,38618,14402,9485,23887,1590,2736,920,0,0,0,0,0,0,0,0,0
E14000572,Blackpool North and Cleveleys,North West,Borough,Con,Lab,63692,38804,8596,22364,13768,1494,0,735,0,0,0,0,0,0,0,443,0
E14000573,Blackpool South,North West,Borough,Con,Lab,57690,32752,3690,16247,12557,1008,2009,563,0,0,0,0,0,0,0,368,0
W07000072,Blaenau Gwent,Wales,County,Lab,Brexit,50739,30219,8647,5749,14862,1285,6215,386,0,1722,0,0,0,0,0,0,0
E14000574,Blaydon,North East,Borough,Lab,Con,67853,45681,5531,14263,19794,3703,5833,1279,0,0,0,0,0,0,0,809,0
E14000575,Blyth Valley,North East,Borough,Con,Lab,64429,40859,712,17440,16728,2151,3394,1146,0,0,0,0,0,0,0,0,0
E14000576,Bognor Regis and Littlehampton,South East,County,Con,Lab,77446,51223,22503,32521,10018,5645,0,1826,0,0,0,0,0,0,0,1213,0
E14000577,Bolsover,East Midlands,County,Con,Lab,75161,45938,5299,21791,16492,1759,4151,758,0,0,0,0,0,0,0,987,0
E14000578,Bolton North East,North West,Borough,Con,Lab,67564,43556,378,19759,19381,1847,1880,689,0,0,0,0,0,0,0,0,0
E14000579,Bolton South East,North West,Borough,Lab,Con,69163,40604,7598,13918,21516,1411,2968,791,0,0,0,0,0,0,0,0,0
E14000580,Bolton West,North West,County,Con,Lab,73191,49298,8855,27255,18400,2704,0,939,0,0,0,0,0,0,0,0,0
E14000581,Bootle,North West,Borough,Lab,Con,74832,49174,34556,4510,39066,1822,2610,1166,0,0,0,0,0,0,0,0,0
E14000582,Boston and Skegness,East Midlands,County,Con,Lab,69381,41696,25621,31963,6342,1963,0,0,0,0,0,0,0,0,0,1428,0
E14000583,Bosworth,East Midlands,County,Con,Lab,81542,56432,26278,36056,9778,9096,0,1502,0,0,0,0,0,0,0,0,0
E14000584,Bournemouth East,South West,Borough,Con,Lab,74125,49274,8806,24926,16120,5418,0,2049,0,0,0,0,0,0,0,761,0
E14000585,Bournemouth West,South West,Borough,Con,Lab,74205,45977,10150,24550,14400,4931,0,2096,0,0,0,0,0,0,0,0,0
E14000586,Bracknell,South East,County,Con,Lab,78978,54350,19829,31894,12065,7749,0,2089,0,0,0,0,0,0,0,553,0
E14000587,Bradford East,Yorkshire and The Humber,Borough,Lab,Con,73206,44184,18144,9681,27825,3316,2700,662,0,0,0,0,0,0,0,0,0
E14000588,Bradford South,Yorkshire and The Humber,Borough,Lab,Con,69046,39741,2346,16044,18390,1505,2819,983,0,0,0,0,0,0,0,0,0
E14000589,Bradford West,Yorkshire and The Humber,Borough,Lab,Con,70694,44261,27019,6717,33736,1349,1556,813,0,0,0,0,0,0,0,90,0
E14000590,Braintree,East,County,Con,Lab,75208,50499,24673,34112,9439,4779,0,0,0,0,0,0,0,0,0,2169,0
W07000068,Brecon and Radnorshire,Wales,County,Con,LD,55490,41319,7131,21958,3944,14827,0,0,0,0,0,0,0,0,0,590,0
E14000591,Brent Central,London,Borough,Lab,Con,84032,49132,20870,10909,31779,4844,0,1600,0,0,0,0,0,0,0,0,0
E14000593,Brentford and Isleworth,London,Borough,Lab,Con,85775,58326,10514,18752,29266,7314,1165,1829,0,0,0,0,0,0,0,0,0
E14000592,Brent North,London,Borough,Lab,Con,83788,51879,8079,18832,26911,4065,951,850,0,0,0,0,0,0,0,270,0
E14000594,Brentwood and Ongar,East,County,Con,Lab,75255,52949,29065,36308,7243,7187,0,1679,0,0,0,0,0,0,0,532,0
W07000073,Bridgend,Wales,County,Con,Lab,63303,42236,1157,18193,17036,2368,1811,815,0,2013,0,0,0,0,0,0,0
E14000595,Bridgwater and West Somerset,South West,County,Con,Lab,85327,57652,24439,35827,11388,7805,0,1877,0,0,0,0,0,0,0,755,0
E14000596,Brigg and Goole,Yorkshire and The Humber,County,Con,Lab,65939,43402,21941,30941,9000,2180,0,1281,0,0,0,0,0,0,0,0,0
E14000597,"Brighton, Kemptown",South East,Borough,Lab,Con,69833,48533,8061,16972,25033,2964,1327,2237,0,0,0,0,0,0,0,0,0
E14000598,"Brighton, Pavilion",South East,Borough,Green,Lab,79057,57998,19940,10176,13211,0,770,33151,0,0,0,0,0,0,0,690,0
E14000599,Bristol East,South West,Borough,Lab,Con,73867,52154,10794,16923,27717,3527,1881,2106,0,0,0,0,0,0,0,0,0
E14000600,Bristol North West,South West,Borough,Lab,Con,76273,55885,5692,21638,27330,4940,0,1977,0,0,0,0,0,0,0,0,0
E14000601,Bristol South,South West,Borough,Lab,Con,84079,55196,9859,18036,27895,4227,2325,2713,0,0,0,0,0,0,0,0,0
E14000602,Bristol West,South West,Borough,Lab,Green,99253,75528,28219,8822,47028,0,869,18809,0,0,0,0,0,0,0,0,0
E14000603,Broadland,East,County,Con,Lab,78151,56977,21861,33934,12073,9195,0,1412,0,0,0,0,0,0,0,363,0
E14000604,Bromley and Chislehurst,London,Borough,Con,Lab,66697,45566,10891,23958,13067,6621,0,1546,0,0,0,0,0,0,0,374,0
E14000605,Bromsgrove,West Midlands,County,Con,Lab,75078,54272,23106,34408,11302,6779,0,1783,0,0,0,0,0,0,0,0,0
E14000606,Broxbourne,East,Borough,Con,Lab,73182,46706,19807,30631,10824,3970,0,1281,0,0,0,0,0,0,0,0,0
E14000607,Broxtowe,East Midlands,County,Con,Lab,73052,55272,5331,26602,21271,0,0,1806,0,0,0,0,0,0,0,5593,0
E14000608,Buckingham,South East,County,Con,LD,83146,63458,20411,37035,7638,16624,1286,0,0,0,0,0,0,0,0,875,0
E14000609,Burnley,North West,Borough,Con,Lab,64345,38984,1352,15720,14368,3501,3362,739,0,0,0,0,0,0,0,1294,0
E14000610,Burton,West Midlands,County,Con,Lab,75036,48738,14496,29560,15064,2681,0,1433,0,0,0,0,0,0,0,0,0
E14000611,Bury North,North West,Borough,Con,Lab,68802,46841,105,21660,21555,1584,1240,802,0,0,0,0,0,0,0,0,0
E14000612,Bury South,North West,Borough,Con,Lab,75152,50274,402,22034,21632,2315,1672,848,0,0,0,0,0,0,0,1773,0
E14000613,Bury St Edmunds,East,County,Con,Lab,89644,61957,24988,37770,12782,0,0,9711,0,0,0,0,0,0,0,1694,0
W07000076,Caerphilly,Wales,County,Lab,Con,63166,40117,6833,11185,18018,0,4490,0,0,6424,0,0,0,0,0,0,0
S14000009,"Caithness, Sutherland and Easter Ross",Scotland,County,LD,SNP,46930,31457,204,5176,1936,11705,1139,0,11501,0,0,0,0,0,0,0,0
E14000614,Calder Valley,Yorkshire and The Humber,County,Con,Lab,79287,57793,5774,29981,24207,2884,0,0,0,0,0,0,0,0,0,721,0
E14000615,Camberwell and Peckham,London,Borough,Lab,Con,88971,56492,33780,6478,40258,5087,1041,3501,0,0,0,0,0,0,0,127,0
E14000616,Camborne and Redruth,South West,County,Con,Lab,70250,50367,8700,26764,18064,3504,0,1359,0,0,0,0,0,0,0,676,0
E14000617,Cambridge,East,Borough,Lab,LD,79951,53729,9639,8342,25776,16137,1041,2164,0,0,0,0,0,0,0,269,0
E14000618,Cannock Chase,West Midlands,County,Con,Lab,74813,46313,19879,31636,11757,0,0,2920,0,0,0,0,0,0,0,0,0
E14000619,Canterbury,South East,County,Lab,Con,80203,60113,1836,27182,29018,3408,0,0,0,0,0,0,0,0,0,505,0
W07000050,Cardiff Central,Wales,Borough,Lab,Con,64037,41822,17179,8426,25605,6298,1006,0,0,0,0,0,0,0,0,487,0
W07000051,Cardiff North,Wales,Borough,Lab,Con,68438,52666,6982,19082,26064,3580,1311,820,0,1606,0,0,0,0,0,203,0
W07000080,Cardiff South and Penarth,Wales,Borough,Lab,Con,78837,50579,12737,14645,27382,2985,1999,1182,0,2386,0,0,0,0,0,0,0
W07000079,Cardiff West,Wales,Borough,Lab,Con,68508,46177,10986,12922,23908,2731,1619,1133,0,3864,0,0,0,0,0,0,0
E14000620,Carlisle,North West,County,Con,Lab,65105,42873,8319,23659,15340,2829,0,0,0,0,0,0,0,0,0,1045,0
W07000067,Carmarthen East and Dinefwr,Wales,County,PC,Con,57419,41002,1809,14130,8622,0,2311,0,0,15939,0,0,0,0,0,0,0
W07000066,Carmarthen West and South Pembrokeshire,Wales,County,Con,Lab,59158,42114,7745,22183,14438,1860,0,0,0,3633,0,0,0,0,0,0,0
E14000621,Carshalton and Wallington,London,Borough,Con,LD,72941,49098,629,20822,6081,20193,1043,759,0,0,0,0,0,0,0,200,0
E14000622,Castle Point,East,Borough,Con,Lab,69608,44277,26634,33971,7337,2969,0,0,0,0,0,0,0,0,0,0,0
S14000010,Central Ayrshire,Scotland,County,SNP,Con,69742,46534,5304,16182,6583,2283,0,0,21486,0,0,0,0,0,0,0,0
E14000623,Central Devon,South West,County,Con,Lab,74926,58072,17721,32095,14374,8770,0,2833,0,0,0,0,0,0,0,0,0
E14000624,Central Suffolk and North Ipswich,East,County,Con,Lab,80037,56250,23391,35253,11862,6485,0,2650,0,0,0,0,0,0,0,0,0
W07000064,Ceredigion,Wales,County,PC,Con,56250,40105,6329,8879,6317,6975,2063,663,0,15208,0,0,0,0,0,0,0
E14000625,Charnwood,East Midlands,County,Con,Lab,79534,55365,22397,35121,12724,4856,0,2664,0,0,0,0,0,0,0,0,0
E14000626,Chatham and Aylesford,South East,County,Con,Lab,71642,43340,18540,28856,10316,2866,0,1090,0,0,0,0,0,0,0,212,0
E14000627,Cheadle,North West,Borough,Con,LD,74577,55903,2336,25694,6851,23358,0,0,0,0,0,0,0,0,0,0,0
E14000628,Chelmsford,East,Borough,Con,LD,80394,57122,17621,31934,10295,14313,0,0,0,0,0,0,0,0,0,580,0
E14000629,Chelsea and Fulham,London,Borough,Con,LD,67110,46821,11241,23345,10872,12104,0,0,0,0,0,0,0,0,0,500,0
E14000630,Cheltenham,South West,Borough,Con,LD,81044,59357,981,28486,2921,27505,0,0,0,0,0,0,0,0,0,445,0
E14000631,Chesham and Amersham,South East,County,Con,LD,72542,55685,16223,30850,7166,14627,0,3042,0,0,0,0,0,0,0,0,0
E14000632,Chesterfield,East Midlands,Borough,Lab,Con,71034,45186,1451,16720,18171,3985,4771,1148,0,0,0,0,0,0,0,391,0
E14000633,Chichester,South East,County,Con,LD,85499,61243,21490,35402,9069,13912,0,2527,0,0,0,0,0,0,0,333,0
E14000634,Chingford and Woodford Green,London,County,Con,Lab,65393,48444,1262,23481,22219,2744,0,0,0,0,0,0,0,0,0,0,0
E14000635,Chippenham,South West,County,Con,LD,77221,57099,11288,30994,6399,19706,0,0,0,0,0,0,0,0,0,0,0
E14000636,Chipping Barnet,London,Borough,Con,Lab,79960,57569,1212,25745,24533,5932,0,1288,0,0,0,0,0,0,0,71,0
E14000637,Chorley,North West,County,Spk,Ind,78177,39870,17392,0,0,0,0,3600,0,0,0,0,0,0,0,36270,26831
E14000638,Christchurch,South West,County,Con,LD,71520,51951,24617,33894,6568,9277,0,2212,0,0,0,0,0,0,0,0,0
E14000639,Cities Of London and Westminster,London,Borough,Con,LD,63700,42723,3953,17049,11624,13096,0,728,0,0,0,0,0,0,0,226,0
E14000640,City Of Chester,North West,County,Lab,Con,76057,54560,6164,20918,27082,3734,1388,1438,0,0,0,0,0,0,0,0,0
E14000641,City Of Durham,North East,County,Lab,Con,71271,48859,5025,15506,20531,7935,3252,1635,0,0,0,0,0,0,0,0,0
E14000642,Clacton,East,County,Con,Lab,70930,43506,24702,31438,6736,2541,0,1225,0,0,0,0,0,0,0,1566,0
E14000643,Cleethorpes,Yorkshire and The Humber,County,Con,Lab,73689,46339,21418,31969,10551,2535,0,1284,0,0,0,0,0,0,0,0,0
W07000062,Clwyd South,Wales,County,Con,Lab,53919,36306,1239,16222,14983,1496,1468,0,0,2137,0,0,0,0,0,0,0
W07000059,Clwyd West,Wales,County,Con,Lab,57714,40203,6747,20403,13656,2237,0,0,0,3907,0,0,0,0,0,0,0
S14000011,"Coatbridge, Chryston and Bellshill",Scotland,Borough,SNP,Lab,72943,48221,5624,6113,17056,1564,0,808,22680,0,0,0,0,0,0,0,0
E14000644,Colchester,East,Borough,Con,Lab,82625,53373,9423,26917,17494,7432,0,1530,0,0,0,0,0,0,0,0,0
E14000645,Colne Valley,Yorkshire and The Humber,County,Con,Lab,84174,60892,5103,29482,24379,3815,1268,1068,0,0,0,0,0,0,0,880,0
E14000646,Congleton,North West,County,Con,Lab,80930,57233,18561,33747,15186,6026,0,1616,0,0,0,0,0,0,0,658,0
E14000647,Copeland,North West,County,Con,Lab,61693,42523,5842,22856,17014,1888,0,765,0,0,0,0,0,0,0,0,0
E14000648,Corby,East Midlands,County,Con,Lab,86153,60475,10268,33410,23142,3923,0,0,0,0,0,0,0,0,0,0,0
E14000649,Coventry North East,West Midlands,Borough,Lab,Con,76006,44444,7692,15720,23412,2061,2110,1141,0,0,0,0,0,0,0,0,0
E14000650,Coventry North West,West Midlands,Borough,Lab,Con,75247,47744,208,20710,20918,2717,1956,1443,0,0,0,0,0,0,0,0,0
E14000651,Coventry South,West Midlands,Borough,Lab,Con,70979,45044,401,19143,19544,3398,1432,1092,0,0,0,0,0,0,0,435,0
E14000652,Crawley,South East,Borough,Con,Lab,74207,49899,8360,27040,18680,2728,0,1451,0,0,0,0,0,0,0,0,0
E14000653,Crewe and Nantwich,North West,County,Con,Lab,80321,54032,8508,28704,20196,2618,1390,975,0,0,0,0,0,0,0,149,0
E14000654,Croydon Central,London,Borough,Lab,Con,81407,54045,5949,21175,27124,3532,999,1215,0,0,0,0,0,0,0,0,0
E14000655,Croydon North,London,Borough,Lab,Con,88468,55609,24673,11822,36495,4476,839,1629,0,0,0,0,0,0,0,348,0
E14000656,Croydon South,London,Borough,Con,Lab,83982,59358,12339,30985,18646,7503,0,1782,0,0,0,0,0,0,0,442,0
S14000012,"Cumbernauld, Kilsyth and Kirkintilloch East",Scotland,County,SNP,Lab,66079,45686,12976,7380,11182,2966,0,0,24158,0,0,0,0,0,0,0,0
W07000070,Cynon Valley,Wales,County,Lab,Con,51134,30236,8822,6711,15533,949,3045,0,0,2562,0,0,0,0,0,1436,0
E14000657,Dagenham and Rainham,London,Borough,Lab,Con,71045,43735,293,19175,19468,1182,2887,602,0,0,0,0,0,0,0,421,0
E14000658,Darlington,North East,Borough,Con,Lab,66397,43498,3294,20901,17607,2097,1544,1057,0,0,0,0,0,0,0,292,0
E14000659,Dartford,South East,County,Con,Lab,82209,54023,19160,34006,14846,3736,0,1435,0,0,0,0,0,0,0,0,0
E14000660,Daventry,East Midlands,County,Con,Lab,77423,57403,26080,37055,10975,7032,0,2341,0,0,0,0,0,0,0,0,0
W07000042,Delyn,Wales,County,Con,Lab,54560,38370,865,16756,15891,2346,1971,0,0,1406,0,0,0,0,0,0,0
E14000661,Denton and Reddish,North West,Borough,Lab,Con,66234,38588,6175,13142,19317,1642,3039,1124,0,0,0,0,0,0,0,324,0
E14000662,Derby North,East Midlands,Borough,Con,Lab,73199,47017,2540,21259,18719,3450,1908,1046,0,0,0,0,0,0,0,635,0
E14000664,Derbyshire Dales,East Midlands,County,Con,Lab,65080,50016,17381,29356,11975,6627,0,2058,0,0,0,0,0,0,0,0,0
E14000663,Derby South,East Midlands,Borough,Lab,Con,73062,42462,6019,15671,21690,2621,2480,0,0,0,0,0,0,0,0,0,0
E14000665,Devizes,South West,County,Con,LD,73372,50954,23993,32150,7838,8157,0,2809,0,0,0,0,0,0,0,0,0
E14000666,Dewsbury,Yorkshire and The Humber,County,Con,Lab,81253,56389,1561,26179,24618,2406,1874,1060,0,0,0,0,0,0,0,252,0
E14000668,Doncaster Central,Yorkshire and The Humber,Borough,Lab,Con,71389,41581,2278,14360,16638,1748,6842,981,0,0,0,0,0,0,0,1012,0
E14000669,Doncaster North,Yorkshire and The Humber,County,Lab,Con,72362,40698,2370,13370,15740,1476,8294,0,0,0,0,0,0,0,0,1818,0
E14000667,Don Valley,Yorkshire and The Humber,County,Con,Lab,75356,45437,3630,19609,15979,1907,6247,872,0,0,0,0,0,0,0,823,0
E14000670,Dover,South East,County,Con,Lab,76355,50701,12278,28830,16552,2895,0,1371,0,0,0,0,0,0,0,1053,0
E14000671,Dudley North,West Midlands,Borough,Con,Lab,61936,36684,11533,23134,11601,1210,0,739,0,0,0,0,0,0,0,0,0
E14000672,Dudley South,West Midlands,Borough,Con,Lab,60731,36576,15565,24835,9270,1608,0,863,0,0,0,0,0,0,0,0,0
E14000673,Dulwich and West Norwood,London,Borough,Lab,Green,80331,55778,27310,9160,36521,0,571,9211,0,0,0,0,0,0,0,315,0
S14000013,Dumfries and Galloway,Scotland,County,Con,SNP,74580,51429,1805,22678,4745,3133,0,0,20873,0,0,0,0,0,0,0,0
S14000014,"Dumfriesshire, Clydesdale and Tweeddale",Scotland,County,Con,SNP,68330,49153,3781,22611,4172,3540,0,0,18830,0,0,0,0,0,0,0,0
S14000015,Dundee East,Scotland,Borough,SNP,Con,66210,45277,13375,10986,6045,3573,0,0,24361,0,0,0,0,0,0,312,0
S14000016,Dundee West,Scotland,Borough,SNP,Lab,64431,41579,12259,5149,10096,2468,1271,0,22355,0,0,0,0,0,0,240,0
S14000017,Dunfermline and West Fife,Scotland,County,SNP,Lab,76652,53482,10699,11207,13028,4262,0,1258,23727,0,0,0,0,0,0,0,0
W07000061,Dwyfor Meirionnydd,Wales,County,PC,Con,44362,29928,4740,9707,3998,0,1776,0,0,14447,0,0,0,0,0,0,0
E14000674,Ealing Central and Acton,London,Borough,Lab,Con,75510,54807,13300,14832,28132,9444,664,1735,0,0,0,0,0,0,0,0,0
E14000675,Ealing North,London,Borough,Lab,Con,74473,49631,12269,15767,28036,4370,0,1458,0,0,0,0,0,0,0,0,0
E14000676,"Ealing, Southall",London,Borough,Lab,Con,64581,42217,16084,9594,25678,3933,867,1688,0,0,0,0,0,0,0,457,0
E14000677,Easington,North East,County,Lab,Con,61182,34583,6581,9142,15723,1526,6744,0,0,0,0,0,0,0,0,1448,0
N06000005,East Antrim,Northern Ireland,County,DUP,Alliance,64830,37261,6706,1043,0,0,0,685,0,0,16871,2120,902,5475,10165,0,0
E14000684,Eastbourne,South East,Borough,Con,LD,79307,55134,4331,26951,3848,22620,1530,0,0,0,0,0,0,0,0,185,0
E14000678,East Devon,South West,County,Con,Ind,87168,64073,6708,32577,2870,1771,0,711,0,0,0,0,0,0,0,26144,0
S14000018,East Dunbartonshire,Scotland,County,SNP,LD,66075,53031,149,7455,4839,19523,0,916,19672,0,0,0,0,0,0,626,0
E14000679,East Ham,London,Borough,Lab,Con,88319,54628,33176,8527,41703,2158,1107,883,0,0,0,0,0,0,0,250,0
E14000680,East Hampshire,South East,County,Con,LD,76478,56895,19696,33446,6287,13750,0,2600,0,0,0,0,0,0,0,812,0
S14000019,"East Kilbride, Strathaven and Lesmahagow",Scotland,County,SNP,Lab,81224,56337,13322,11961,12791,3760,0,1153,26113,0,0,0,0,0,0,559,0
E14000685,Eastleigh,South East,Borough,Con,LD,83880,58971,15607,32690,7559,17083,0,1639,0,0,0,0,0,0,0,0,0
N06000006,East Londonderry,Northern Ireland,County,DUP,SDLP,69246,39302,9607,0,0,0,0,0,0,0,15765,6128,6158,3599,5921,1731,0
S14000020,East Lothian,Scotland,County,SNP,Lab,81600,58513,3886,15523,17270,4071,0,0,21156,0,0,0,0,0,0,493,0
S14000021,East Renfrewshire,Scotland,County,SNP,Con,72232,55357,5426,19451,6855,4174,0,0,24877,0,0,0,0,0,0,0,0
E14000681,East Surrey,South East,County,Con,LD,83148,59690,24040,35624,8247,11584,0,2340,0,0,0,0,0,0,0,1895,0
E14000682,East Worthing and Shoreham,South East,County,Con,Lab,75194,53128,7474,27107,19633,4127,0,2006,0,0,0,0,0,0,0,255,0
E14000683,East Yorkshire,Yorkshire and The Humber,County,Con,Lab,80923,52769,22787,33988,11201,4219,0,1675,0,0,0,0,0,0,0,1686,0
E14000686,Eddisbury,North West,County,Con,Lab,73700,52971,18443,30095,11652,9582,0,1191,0,0,0,0,0,0,0,451,0
S14000022,Edinburgh East,Scotland,Borough,SNP,Lab,69424,47815,10417,6549,12748,3289,0,2064,23165,0,0,0,0,0,0,0,0
S14000023,Edinburgh North and Leith,Scotland,Borough,SNP,Lab,81336,59344,12808,11000,13117,6635,558,1971,25925,0,0,0,0,0,0,138,0
S14000024,Edinburgh South,Scotland,Borough,Lab,SNP,66188,49732,11095,8161,23745,3819,0,1357,12650,0,0,0,0,0,0,0,0
S14000025,Edinburgh South West,Scotland,Borough,SNP,Con,73501,52131,11982,12848,7478,4971,625,1265,24830,0,0,0,0,0,0,114,0
S14000026,Edinburgh West,Scotland,Borough,LD,SNP,72507,54533,3769,9283,4460,21766,0,1027,17997,0,0,0,0,0,0,0,0
E14000687,Edmonton,London,Borough,Lab,Con,65747,40341,16015,10202,26217,2145,840,862,0,0,0,0,0,0,0,75,0
E14000688,Ellesmere Port and Neston,North West,County,Lab,Con,70327,48746,8764,17237,26001,2406,2138,964,0,0,0,0,0,0,0,0,0
E14000689,Elmet and Rothwell,Yorkshire and The Humber,County,Con,Lab,80957,58225,17353,33726,16373,5155,0,1775,0,0,0,0,0,0,0,1196,0
E14000690,Eltham,London,Borough,Lab,Con,64086,43689,3197,17353,20550,2941,1523,1322,0,0,0,0,0,0,0,0,0
E14000691,Enfield North,London,Borough,Lab,Con,68301,45050,6492,16848,23340,2950,797,1115,0,0,0,0,0,0,0,0,0
E14000692,"Enfield, Southgate",London,Borough,Lab,Con,65525,47276,4450,18473,22923,4344,494,1042,0,0,0,0,0,0,0,0,0
E14000693,Epping Forest,East,County,Con,Lab,74304,50268,22173,32364,10191,5387,0,1975,0,0,0,0,0,0,0,351,0
E14000694,Epsom and Ewell,South East,Borough,Con,LD,81138,59451,17873,31819,10226,13946,0,2047,0,0,0,0,0,0,0,1413,0
E14000695,Erewash,East Midlands,County,Con,Lab,72523,48814,10606,27560,16954,2487,0,1115,0,0,0,0,0,0,0,698,0
E14000696,Erith and Thamesmead,London,Borough,Lab,Con,65399,41384,3758,16124,19882,1984,2246,876,0,0,0,0,0,0,0,272,0
E14000697,Esher and Walton,South East,Borough,Con,LD,81184,63084,2743,31132,2838,28389,0,0,0,0,0,0,0,0,0,725,0
E14000698,Exeter,South West,Borough,Lab,Con,82054,56192,10403,19479,29882,0,1428,4838,0,0,0,0,0,0,0,565,0
S14000028,Falkirk,Scotland,County,SNP,Con,84472,55872,14948,14403,6243,3990,0,1885,29351,0,0,0,0,0,0,0,0
E14000699,Fareham,South East,County,Con,Lab,78337,57250,26086,36459,10373,8006,0,2412,0,0,0,0,0,0,0,0,0
E14000700,Faversham and Mid Kent,South East,County,Con,Lab,73403,50394,21976,31864,9888,6170,0,2103,0,0,0,0,0,0,0,369,0
E14000701,Feltham and Heston,London,Borough,Lab,Con,80934,47811,7859,17017,24876,3127,1658,1133,0,0,0,0,0,0,0,0,0
N06000007,Fermanagh and South Tyrone,Northern Ireland,County,SF,UUP,72848,50762,57,0,0,0,0,0,0,0,0,21986,3446,21929,2650,751,0
E14000702,Filton and Bradley Stoke,South West,County,Con,Lab,74016,53752,5646,26293,20647,4992,0,1563,0,0,0,0,0,0,0,257,0
E14000703,Finchley and Golders Green,London,Borough,Con,LD,77573,55109,6562,24162,13347,17600,0,0,0,0,0,0,0,0,0,0,0
E14000704,Folkestone and Hythe,South East,County,Con,Lab,88272,59005,21337,35483,14146,5755,0,2706,0,0,0,0,0,0,0,915,0
E14000705,Forest Of Dean,South West,County,Con,Lab,71438,51475,15869,30680,14811,0,0,4681,0,0,0,0,0,0,0,1303,0
N06000008,Foyle,Northern Ireland,County,SDLP,SF,74346,47144,17110,0,0,0,0,0,0,0,4773,9771,26881,1088,1267,3364,0
E14000706,Fylde,North West,County,Con,Lab,66847,46659,16611,28432,11821,3748,0,1731,0,0,0,0,0,0,0,927,0
E14000707,Gainsborough,East Midlands,County,Con,Lab,76343,51046,22967,33893,10926,5157,0,0,0,0,0,0,0,0,0,1070,0
E14000708,Garston and Halewood,North West,Borough,Lab,Con,76116,53326,31624,6954,38578,3324,2943,1183,0,0,0,0,0,0,0,344,0
E14000709,Gateshead,North East,Borough,Lab,Con,64449,38145,7200,13250,20450,2792,0,1653,0,0,0,0,0,0,0,0,0
E14000710,Gedling,East Midlands,County,Con,Lab,71366,49953,679,22718,22039,2279,1820,1097,0,0,0,0,0,0,0,0,0
E14000711,Gillingham and Rainham,South East,Borough,Con,Lab,73549,45958,15119,28173,13054,2503,0,1043,0,0,0,0,0,0,0,1185,0
S14000029,Glasgow Central,Scotland,Borough,SNP,Lab,69230,40105,6474,3698,13276,1952,0,1429,19750,0,0,0,0,0,0,0,0
S14000030,Glasgow East,Scotland,Borough,SNP,Lab,67381,38483,5566,5709,12791,1626,0,0,18357,0,0,0,0,0,0,0,0
S14000031,Glasgow North,Scotland,Borough,SNP,Lab,57130,36191,5601,3806,11381,2394,320,1308,16982,0,0,0,0,0,0,0,0
S14000032,Glasgow North East,Scotland,Borough,SNP,Lab,61075,33925,2548,3558,13363,1093,0,0,15911,0,0,0,0,0,0,0,0
S14000033,Glasgow North West,Scotland,Borough,SNP,Lab,63402,39735,8359,6022,11319,2716,0,0,19678,0,0,0,0,0,0,0,0
S14000034,Glasgow South,Scotland,Borough,SNP,Lab,70891,47443,9005,6237,13824,2786,516,1251,22829,0,0,0,0,0,0,0,0
S14000035,Glasgow South West,Scotland,Borough,SNP,Lab,64575,36847,4900,4224,12743,1435,802,0,17643,0,0,0,0,0,0,0,0
S14000036,Glenrothes,Scotland,County,SNP,Lab,65672,41546,11757,6920,9477,2639,1276,0,21234,0,0,0,0,0,0,0,0
E14000712,Gloucester,South West,Borough,Con,Lab,81319,53764,10277,29159,18882,4338,0,1385,0,0,0,0,0,0,0,0,0
S14000037,Gordon,Scotland,County,SNP,Con,79629,55916,819,23066,3052,5913,0,0,23885,0,0,0,0,0,0,0,0
E14000713,Gosport,South East,Borough,Con,Lab,73541,48453,23278,32226,8948,5473,0,1806,0,0,0,0,0,0,0,0,0
W07000046,Gower,Wales,County,Lab,Con,61762,44482,1837,18371,20208,2236,1379,0,0,2288,0,0,0,0,0,0,0
E14000714,Grantham and Stamford,East Midlands,County,Con,Lab,81502,56003,26003,36794,10791,6153,0,2265,0,0,0,0,0,0,0,0,0
E14000715,Gravesham,South East,County,Con,Lab,73242,47560,15581,29580,13999,2584,0,1397,0,0,0,0,0,0,0,0,0
E14000716,Great Grimsby,Yorkshire and The Humber,Borough,Con,Lab,61409,33087,7331,18150,10819,1070,2378,514,0,0,0,0,0,0,0,156,0
E14000717,Great Yarmouth,East,County,Con,Lab,71957,43462,17663,28593,10930,1661,0,1064,0,0,0,0,0,0,0,1214,0
E14000718,Greenwich and Woolwich,London,Borough,Lab,Con,79997,53120,18464,11721,30185,7253,1228,2363,0,0,0,0,0,0,0,370,0
E14000719,Guildford,South East,County,Con,LD,77729,58651,3337,26317,4515,22980,0,0,0,0,0,0,0,0,0,4839,0
E14000720,Hackney North and Stoke Newington,London,Borough,Lab,Con,92462,56864,33188,6784,39972,4283,609,4989,0,0,0,0,0,0,0,227,0
E14000721,Hackney South and Shoreditch,London,Borough,Lab,Con,89387,54439,33985,5899,39884,4853,744,2948,0,0,0,0,0,0,0,111,0
E14000722,Halesowen and Rowley Regis,West Midlands,Borough,Con,Lab,68300,42345,12074,25607,13533,1738,0,934,0,0,0,0,0,0,0,533,0
E14000723,Halifax,Yorkshire and The Humber,Borough,Lab,Con,71887,46458,2569,18927,21496,2276,2813,946,0,0,0,0,0,0,0,0,0
E14000724,Haltemprice and Howden,Yorkshire and The Humber,County,Con,Lab,71083,49779,20329,31045,10716,5215,0,1764,0,0,0,0,0,0,0,1039,0
E14000725,Halton,North West,County,Lab,Con,71930,46203,18975,10358,29333,1800,3730,982,0,0,0,0,0,0,0,0,0
E14000726,Hammersmith,London,Borough,Lab,Con,74759,51966,17847,12227,30074,6947,974,1744,0,0,0,0,0,0,0,0,0
E14000727,Hampstead and Kilburn,London,Borough,Lab,Con,86571,57385,14188,13892,28080,13121,684,1608,0,0,0,0,0,0,0,0,0
E14000728,Harborough,East Midlands,County,Con,Lab,80151,57319,17278,31698,14420,9103,0,1709,0,0,0,0,0,0,0,389,0
E14000729,Harlow,East,County,Con,Lab,68078,43354,14063,27510,13447,2397,0,0,0,0,0,0,0,0,0,0,0
E14000730,Harrogate and Knaresborough,Yorkshire and The Humber,County,Con,LD,77941,56937,9675,29962,5480,20287,0,0,0,0,0,0,0,0,0,1208,0
E14000731,Harrow East,London,Borough,Con,Lab,72106,49491,8170,26935,18765,3791,0,0,0,0,0,0,0,0,0,0,0
E14000732,Harrow West,London,Borough,Lab,Con,72464,47922,8692,16440,25132,4310,931,1109,0,0,0,0,0,0,0,0,0
E14000733,Hartlepool,North East,Borough,Lab,Con,70855,41037,3595,11869,15464,1696,10603,0,0,0,0,0,0,0,0,1405,0
E14000734,Harwich and North Essex,East,County,Con,Lab,74153,51963,20182,31830,11648,5866,0,1945,0,0,0,0,0,0,0,674,0
E14000735,Hastings and Rye,South East,County,Con,Lab,80524,54274,4043,26896,22853,3960,0,0,0,0,0,0,0,0,0,565,0
E14000736,Havant,South East,Borough,Con,Lab,72103,45959,21792,30051,8259,5708,0,1597,0,0,0,0,0,0,0,344,0
E14000737,Hayes and Harlington,London,Borough,Lab,Con,72357,43994,9261,15284,24545,1947,1292,739,0,0,0,0,0,0,0,187,0
E14000738,Hazel Grove,North West,County,Con,LD,63346,44269,4423,21592,5508,17169,0,0,0,0,0,0,0,0,0,0,0
E14000739,Hemel Hempstead,East,County,Con,Lab,74035,51271,14563,28968,14405,6317,0,1581,0,0,0,0,0,0,0,0,0
E14000740,Hemsworth,Yorkshire and The Humber,County,Lab,Con,73726,43907,1180,15280,16460,1734,5930,916,0,0,0,0,0,0,0,3587,0
E14000741,Hendon,London,Borough,Con,Lab,82661,55075,4230,26878,22648,4628,0,921,0,0,0,0,0,0,0,0,0
E14000742,Henley,South East,County,Con,LD,76646,58759,14053,32189,5698,18136,0,2736,0,0,0,0,0,0,0,0,0
E14000743,Hereford and South Herefordshire,West Midlands,County,Con,Lab,72085,49646,19686,30390,10704,6181,0,2371,0,0,0,0,0,0,0,0,0
E14000744,Hertford and Stortford,East,County,Con,Lab,81765,60094,19620,33712,14092,8596,0,2705,0,0,0,0,0,0,0,989,0
E14000745,Hertsmere,East,County,Con,Lab,73971,52203,21313,32651,11338,6561,0,1653,0,0,0,0,0,0,0,0,0
E14000746,Hexham,North East,County,Con,Lab,61324,46150,10549,25152,14603,4672,0,1723,0,0,0,0,0,0,0,0,0
E14000747,Heywood and Middleton,North West,County,Con,Lab,80162,47488,663,20453,19790,2073,3952,1220,0,0,0,0,0,0,0,0,0
E14000748,High Peak,East Midlands,County,Con,Lab,74265,54173,590,24844,24254,2750,1177,1148,0,0,0,0,0,0,0,0,0
E14000749,Hitchin and Harpenden,East,County,Con,LD,76323,58871,6895,27719,9959,20824,0,0,0,0,0,0,0,0,0,369,0
E14000750,Holborn and St Pancras,London,Borough,Lab,Con,86061,56786,27763,8878,36641,7314,1032,2746,0,0,0,0,0,0,0,175,0
E14000751,Hornchurch and Upminster,London,Borough,Con,Lab,80765,53974,23308,35495,12187,3862,0,1920,0,0,0,0,0,0,0,510,0
E14000752,Hornsey and Wood Green,London,Borough,Lab,LD,81814,61105,19242,6829,35126,15884,763,2192,0,0,0,0,0,0,0,311,0
E14000753,Horsham,South East,County,Con,LD,86730,63242,21127,35900,9424,14773,0,2668,0,0,0,0,0,0,0,477,0
E14000754,Houghton and Sunderland South,North East,Borough,Lab,Con,68835,39811,3115,13095,16210,2319,6165,1125,0,0,0,0,0,0,0,897,0
E14000755,Hove,South East,Borough,Lab,Con,74313,56391,17044,15832,32876,3731,1111,2496,0,0,0,0,0,0,0,345,0
E14000756,Huddersfield,Yorkshire and The Humber,Borough,Lab,Con,65525,41882,4937,15572,20509,2367,1666,1768,0,0,0,0,0,0,0,0,0
E14000757,Huntingdon,East,County,Con,Lab,84657,59147,19383,32386,13003,9432,0,2233,0,0,0,0,0,0,0,2093,0
E14000758,Hyndburn,North West,Borough,Con,Lab,70842,42406,2951,20565,17614,1226,2156,845,0,0,0,0,0,0,0,0,0
E14000759,Ilford North,London,Borough,Lab,Con,72973,50114,5218,20105,25323,2680,960,845,0,0,0,0,0,0,0,201,0
E14000760,Ilford South,London,Borough,Lab,Con,84972,53477,24101,10984,35085,1795,1008,714,0,0,0,0,0,0,0,3891,0
S14000038,Inverclyde,Scotland,County,SNP,Lab,60622,39903,7512,6265,11783,2560,0,0,19295,0,0,0,0,0,0,0,0
S14000039,"Inverness, Nairn, Badenoch and Strathspey",Scotland,County,SNP,Con,78059,54810,10440,15807,4123,5846,1078,1709,26247,0,0,0,0,0,0,0,0
E14000761,Ipswich,East,Borough,Con,Lab,75525,49579,5479,24952,19473,2439,1432,1283,0,0,0,0,0,0,0,0,0
E14000762,Isle Of Wight,South East,County,Con,Lab,113021,74442,23737,41815,18078,0,0,11338,0,0,0,0,0,0,0,3211,0
E14000763,Islington North,London,Borough,Lab,LD,75162,53805,26188,5483,34603,8415,742,4326,0,0,0,0,0,0,0,236,0
E14000764,Islington South and Finsbury,London,Borough,Lab,LD,70489,47816,17328,8045,26897,9569,1136,1987,0,0,0,0,0,0,0,182,0
W07000077,Islwyn,Wales,County,Lab,Con,55423,34350,5464,9892,15356,1313,4834,669,0,2286,0,0,0,0,0,0,0
E14000765,Jarrow,North East,Borough,Lab,Con,65103,40736,7120,11243,18363,2360,4122,831,0,0,0,0,0,0,0,3817,0
E14000766,Keighley,Yorkshire and The Humber,County,Con,Lab,72778,52600,2218,25298,23080,2573,850,0,0,0,0,0,0,0,0,799,0
E14000767,Kenilworth and Southam,West Midlands,County,Con,LD,68154,52597,20353,30351,9440,9998,0,2351,0,0,0,0,0,0,0,457,0
E14000768,Kensington,London,Borough,Con,Lab,64609,43762,150,16768,16618,9312,384,535,0,0,0,0,0,0,0,145,0
E14000769,Kettering,East Midlands,County,Con,Lab,73164,49361,16765,29787,13022,3367,0,1543,0,0,0,0,0,0,0,1642,0
S14000040,Kilmarnock and Loudoun,Scotland,County,SNP,Con,74517,47631,12659,11557,9009,2444,0,0,24216,0,0,0,0,0,0,405,0
E14000770,Kingston and Surbiton,London,Borough,LD,Con,81975,60846,10489,20614,6528,31103,788,1038,0,0,0,0,0,0,0,775,0
E14000771,Kingston upon Hull East,Yorkshire and The Humber,Borough,Lab,Con,65745,32442,1239,11474,12713,1707,5764,784,0,0,0,0,0,0,0,0,0
E14000772,Kingston upon Hull North,Yorkshire and The Humber,Borough,Lab,Con,65515,34203,7593,9440,17033,2084,4771,875,0,0,0,0,0,0,0,0,0
E14000773,Kingston upon Hull West and Hessle,Yorkshire and The Humber,Borough,Lab,Con,60192,31356,2856,10528,13384,1756,5638,50,0,0,0,0,0,0,0,0,0
E14000774,Kingswood,South West,Borough,Con,Lab,68972,49314,11220,27712,16492,3421,0,1200,0,0,0,0,0,0,0,489,0
S14000041,Kirkcaldy and Cowdenbeath,Scotland,County,SNP,Lab,72853,47005,1243,9449,15325,2903,1132,1628,16568,0,0,0,0,0,0,0,0
E14000775,Knowsley,North West,Borough,Lab,Con,84082,54938,39942,4432,44374,1117,3348,1262,0,0,0,0,0,0,0,405,0
N06000009,Lagan Valley,Northern Ireland,County,DUP,Alliance,75735,45405,6499,955,0,0,0,0,0,0,19586,1098,1758,8606,13087,315,0
S14000042,Lanark and Hamilton East,Scotland,County,SNP,Con,77659,53072,5187,17056,10736,3037,0,0,22243,0,0,0,0,0,0,0,0
E14000776,Lancaster and Fleetwood,North West,County,Lab,Con,70059,45219,2380,18804,21184,2018,1817,1396,0,0,0,0,0,0,0,0,0
E14000777,Leeds Central,Yorkshire and The Humber,Borough,Lab,Con,90971,49284,19270,11143,30413,2343,2999,2105,0,0,0,0,0,0,0,281,0
E14000778,Leeds East,Yorkshire and The Humber,Borough,Lab,Con,67286,39052,5531,13933,19464,1796,2981,878,0,0,0,0,0,0,0,0,0
E14000779,Leeds North East,Yorkshire and The Humber,Borough,Lab,Con,70580,50500,17089,11935,29024,5665,1769,1931,0,0,0,0,0,0,0,176,0
E14000780,Leeds North West,Yorkshire and The Humber,Borough,Lab,Con,67741,49283,10749,13222,23971,9397,1304,1389,0,0,0,0,0,0,0,0,0
E14000781,Leeds West,Yorkshire and The Humber,Borough,Lab,Con,67727,40281,10564,11622,22186,1787,2685,1274,0,0,0,0,0,0,0,727,0
E14000782,Leicester East,East Midlands,Borough,Lab,Con,78433,49421,6019,19071,25090,2800,1243,888,0,0,0,0,0,0,0,329,0
E14000783,Leicester South,East Midlands,Borough,Lab,Con,77708,50147,22675,10931,33606,2754,1187,1669,0,0,0,0,0,0,0,0,0
E14000784,Leicester West,East Midlands,Borough,Lab,Con,64940,34775,4212,13079,17291,1808,1620,977,0,0,0,0,0,0,0,0,0
E14000785,Leigh,North West,County,Con,Lab,77417,46979,1965,21266,19301,2252,3161,0,0,0,0,0,0,0,0,999,0
E14000786,Lewes,South East,County,Con,LD,71503,54851,2457,26268,3206,23811,0,1453,0,0,0,0,0,0,0,113,0
E14000789,"Lewisham, Deptford",London,Borough,Lab,Con,80631,55368,32913,6303,39216,5774,789,3085,0,0,0,0,0,0,0,201,0
E14000787,Lewisham East,London,Borough,Lab,Con,67857,44815,17008,9653,26661,5039,1234,1706,0,0,0,0,0,0,0,522,0
E14000788,Lewisham West and Penge,London,Borough,Lab,Con,74617,52100,21543,10317,31860,6260,1060,2390,0,0,0,0,0,0,0,213,0
E14000790,Leyton and Wanstead,London,County,Lab,Con,64852,44547,20808,8028,28836,4666,785,1805,0,0,0,0,0,0,0,427,0
E14000791,Lichfield,West Midlands,County,Con,Lab,76616,53993,23638,34844,11206,5632,0,1743,0,0,0,0,0,0,0,568,0
E14000792,Lincoln,East Midlands,Borough,Con,Lab,74942,50629,3514,24267,20753,2422,1079,1195,0,0,0,0,0,0,0,913,0
S14000043,Linlithgow and East Falkirk,Scotland,County,SNP,Con,87044,57775,11266,14285,10517,4393,1257,1184,25551,0,0,0,0,0,0,588,0
E14000793,"Liverpool, Riverside",North West,Borough,Lab,Con,80310,52789,37043,4127,41170,2696,1779,3017,0,0,0,0,0,0,0,0,0
E14000794,"Liverpool, Walton",North West,Borough,Lab,Con,62628,40786,30520,4018,34538,756,0,814,0,0,0,0,0,0,0,660,0
E14000795,"Liverpool, Wavertree",North West,Borough,Lab,Con,63458,43377,27085,4225,31310,4055,1921,1365,0,0,0,0,0,0,0,501,0
E14000796,"Liverpool, West Derby",North West,Borough,Lab,Con,65640,43989,29984,4133,34117,1296,2012,605,0,0,0,0,0,0,0,1826,0
S14000044,Livingston,Scotland,County,SNP,Con,82285,54592,13435,12182,11915,3457,0,1421,25617,0,0,0,0,0,0,0,0
W07000045,Llanelli,Wales,County,Lab,Con,60518,38233,4670,11455,16125,0,3605,0,0,7048,0,0,0,0,0,0,0
E14000797,Loughborough,East Midlands,County,Con,Lab,79764,54631,7169,27954,20785,4153,0,1504,0,0,0,0,0,0,0,235,0
E14000798,Louth and Horncastle,East Midlands,County,Con,Lab,79634,52332,28868,38021,9153,4114,0,0,0,0,0,0,0,0,0,1044,0
E14000799,Ludlow,West Midlands,County,Con,LD,69444,50225,23648,32185,7591,8537,0,1912,0,0,0,0,0,0,0,0,0
E14000800,Luton North,East,Borough,Lab,Con,68185,42589,9247,14249,23496,2063,1215,771,0,0,0,0,0,0,0,795,0
E14000801,Luton South,East,Borough,Lab,Con,69338,42064,8756,13031,21787,0,1601,995,0,0,0,0,0,0,0,4650,0
E14000802,Macclesfield,North West,County,Con,Lab,76216,53867,10711,28292,17581,5684,0,2310,0,0,0,0,0,0,0,0,0
E14000803,Maidenhead,South East,County,Con,LD,76668,56492,18846,32620,7882,13774,0,2216,0,0,0,0,0,0,0,0,0
E14000804,Maidstone and The Weald,South East,County,Con,Lab,76109,51680,21772,31220,9448,8482,0,2172,0,0,0,0,0,0,0,358,0
E14000805,Makerfield,North West,County,Lab,Con,74190,44259,4740,15214,19954,2108,5817,1166,0,0,0,0,0,0,0,0,0
E14000806,Maldon,East,County,Con,Lab,72438,50408,30041,36304,6263,5990,0,1851,0,0,0,0,0,0,0,0,0
E14000807,Manchester Central,North West,Borough,Lab,Con,92247,52289,29089,7734,36823,3420,2335,1870,0,0,0,0,0,0,0,107,0
E14000808,"Manchester, Gorton",North West,Borough,Lab,Con,76419,44545,30339,4244,34583,2448,1573,1697,0,0,0,0,0,0,0,0,0
E14000809,"Manchester, Withington",North West,Borough,Lab,LD,76530,52995,27905,5820,35902,7997,1308,1968,0,0,0,0,0,0,0,0,0
E14000810,Mansfield,East Midlands,County,Con,Lab,77131,49273,16306,31484,15178,1626,0,0,0,0,0,0,0,0,0,985,0
E14000811,Meon Valley,South East,County,Con,LD,75737,54829,23555,35271,5644,11716,0,2198,0,0,0,0,0,0,0,0,0
E14000812,Meriden,West Midlands,County,Con,Lab,85368,54161,22836,34358,11522,5614,0,2667,0,0,0,0,0,0,0,0,0
W07000071,Merthyr Tydfil and Rhymney,Wales,County,Lab,Con,56322,32246,10606,6307,16913,1116,3604,0,0,2446,0,0,0,0,0,1860,0
E14000813,Mid Bedfordshire,East,County,Con,Lab,87795,64717,24664,38692,14028,8171,0,2478,0,0,0,0,0,0,0,1348,0
E14000814,Mid Derbyshire,East Midlands,County,Con,Lab,67442,49356,15385,29027,13642,4756,0,1931,0,0,0,0,0,0,0,0,0
E14000819,Middlesbrough,North East,Borough,Lab,Con,60764,34097,8395,8812,17207,816,2168,546,0,0,0,0,0,0,0,4548,0
E14000820,Middlesbrough South and East Cleveland,North East,County,Con,Lab,72348,47817,11626,28135,16509,1953,0,1220,0,0,0,0,0,0,0,0,0
E14000815,Mid Dorset and North Poole,South West,County,Con,LD,65427,48930,14898,29548,3402,14650,0,1330,0,0,0,0,0,0,0,0,0
S14000045,Midlothian,Scotland,County,SNP,Lab,70544,48221,5705,10467,14328,3393,0,0,20033,0,0,0,0,0,0,0,0
E14000816,Mid Norfolk,East,County,Con,Lab,82203,56186,22594,35051,12457,7739,0,0,0,0,0,0,0,0,0,939,0
E14000817,Mid Sussex,South East,County,Con,LD,85146,62762,18197,33455,11218,15258,0,2234,0,0,0,0,0,0,0,597,0
N06000010,Mid Ulster,Northern Ireland,County,SF,DUP,70449,44620,9537,0,0,0,0,0,0,0,10936,20473,6384,2611,3526,690,0
E14000818,Mid Worcestershire,West Midlands,County,Con,Lab,78220,56123,28018,37426,9408,6474,0,2177,0,0,0,0,0,0,0,638,0
E14000821,Milton Keynes North,South East,County,Con,Lab,91545,62543,6255,30938,24683,4991,0,1931,0,0,0,0,0,0,0,0,0
E14000822,Milton Keynes South,South East,Borough,Con,Lab,96363,64007,6944,32011,25067,4688,0,1495,0,0,0,0,0,0,0,746,0
E14000823,Mitcham and Morden,London,Borough,Lab,Con,70021,45741,16482,11482,27964,3717,1202,1160,0,0,0,0,0,0,0,216,0
E14000824,Mole Valley,South East,County,Con,LD,74665,57110,12041,31656,2965,19615,0,1874,0,0,0,0,0,0,0,1000,0
W07000054,Monmouth,Wales,County,Con,Lab,67098,50217,9982,26160,16178,4909,0,1353,0,1182,0,0,0,0,0,435,0
W07000063,Montgomeryshire,Wales,County,Con,LD,48997,34214,12138,20020,5585,7882,0,0,0,0,0,0,0,0,0,727,0
S14000046,Moray,Scotland,County,Con,SNP,71035,48825,513,22112,2432,2269,0,0,21599,0,0,0,0,0,0,413,0
E14000825,Morecambe and Lunesdale,North West,County,Con,Lab,67397,45310,6354,23925,17571,2328,0,938,0,0,0,0,0,0,0,548,0
E14000826,Morley and Outwood,Yorkshire and The Humber,County,Con,Lab,78803,51930,11267,29424,18157,2285,0,1107,0,0,0,0,0,0,0,957,0
S14000047,Motherwell and Wishaw,Scotland,Borough,SNP,Lab,68856,44420,6268,7150,14354,1675,0,0,20622,0,0,0,0,0,0,619,0
S14000027,Na h-Eileanan An Iar,Scotland,County,SNP,Lab,21106,14477,2438,3216,4093,637,0,0,6531,0,0,0,0,0,0,0,0
W07000069,Neath,Wales,County,Lab,Con,56419,36756,5637,10283,15920,1485,3184,728,0,4495,0,0,0,0,0,661,0
E14000829,Newark,East Midlands,County,Con,Lab,75850,54762,21816,34660,12844,5308,0,1950,0,0,0,0,0,0,0,0,0
E14000830,Newbury,South East,County,Con,LD,83414,59998,16047,34431,4404,18384,0,2454,0,0,0,0,0,0,0,325,0
E14000834,Newcastle-Under-Lyme,West Midlands,Borough,Con,Lab,68211,44739,7446,23485,16039,2361,1921,933,0,0,0,0,0,0,0,0,0
E14000831,Newcastle Upon Tyne Central,North East,Borough,Lab,Con,57845,37474,12278,9290,21568,2709,2542,1365,0,0,0,0,0,0,0,0,0
E14000832,Newcastle Upon Tyne East,North East,Borough,Lab,Con,63796,43365,15463,10586,26049,4535,0,2195,0,0,0,0,0,0,0,0,0
E14000833,Newcastle Upon Tyne North,North East,Borough,Lab,Con,68486,46999,5765,15589,21354,4357,4331,1368,0,0,0,0,0,0,0,0,0
E14000827,New Forest East,South East,County,Con,Lab,73549,50786,25251,32769,7518,7390,0,2434,0,0,0,0,0,0,0,675,0
E14000828,New Forest West,South East,County,Con,LD,70869,50306,24403,32113,6595,7710,0,3888,0,0,0,0,0,0,0,0,0
W07000055,Newport East,Wales,County,Lab,Con,58554,36282,1992,14133,16125,2121,2454,577,0,872,0,0,0,0,0,0,0
W07000056,Newport West,Wales,County,Lab,Con,66657,43433,902,18075,18977,2565,1727,902,0,1187,0,0,0,0,0,0,0
N06000011,Newry and Armagh,Northern Ireland,County,SF,DUP,81226,50779,9287,0,0,0,0,0,0,0,11000,20287,9449,4204,4211,1628,0
E14000835,Newton Abbot,South West,County,Con,LD,72529,52556,17501,29190,9329,11689,0,1508,0,0,0,0,0,0,0,840,0
E14000836,"Normanton, Pontefract and Castleford",Yorkshire and The Humber,County,Lab,Con,84527,48259,1276,17021,18297,3147,8032,0,0,0,0,0,0,0,0,1762,0
E14000861,Northampton North,East Midlands,Borough,Con,Lab,58768,39539,5507,21031,15524,2031,0,953,0,0,0,0,0,0,0,0,0
E14000862,Northampton South,East Midlands,Borough,Con,Lab,62163,40835,4697,20914,16217,2482,0,1222,0,0,0,0,0,0,0,0,0
N06000012,North Antrim,Northern Ireland,County,DUP,UUP,77134,44051,12721,0,0,0,0,0,0,0,20860,5632,2943,8139,6231,246,0
S14000048,North Ayrshire and Arran,Scotland,County,SNP,Con,73534,48154,8521,14855,6702,2107,0,1114,23376,0,0,0,0,0,0,0,0
E14000837,North Cornwall,South West,County,Con,LD,69935,51678,14752,30671,4516,15919,0,0,0,0,0,0,0,0,0,572,0
E14000838,North Devon,South West,County,Con,LD,75859,55581,14813,31479,5097,16666,0,1759,0,0,0,0,0,0,0,580,0
E14000839,North Dorset,South West,County,Con,LD,76765,56107,24301,35705,6737,11404,0,2261,0,0,0,0,0,0,0,0,0
N06000013,North Down,Northern Ireland,County,Alliance,DUP,67099,40643,2968,1959,0,0,0,0,0,0,15390,0,0,4936,18358,0,0
E14000840,North Durham,North East,County,Lab,Con,66796,42195,4742,13897,18639,2879,4693,1126,0,0,0,0,0,0,0,961,0
E14000841,North East Bedfordshire,East,County,Con,Lab,90678,65018,24283,38443,14160,7999,0,1891,0,0,0,0,0,0,0,2525,0
E14000842,North East Cambridgeshire,East,County,Con,Lab,83699,52964,29993,38423,8430,4298,0,1813,0,0,0,0,0,0,0,0,0
E14000843,North East Derbyshire,East Midlands,County,Con,Lab,72345,49217,12876,28897,16021,3021,0,1278,0,0,0,0,0,0,0,0,0
S14000049,North East Fife,Scotland,County,LD,SNP,60905,45878,1316,5961,1707,19763,0,0,18447,0,0,0,0,0,0,0,0
E14000844,North East Hampshire,South East,County,Con,LD,78954,59270,20211,35280,5760,15069,0,1754,0,0,0,0,0,0,0,1407,0
E14000845,North East Hertfordshire,East,County,Con,Lab,76123,55327,18189,31293,13104,8563,0,2367,0,0,0,0,0,0,0,0,0
E14000846,North East Somerset,South West,County,Con,Lab,73692,56308,14729,28360,13631,12422,0,1423,0,0,0,0,0,0,0,472,0
E14000847,North Herefordshire,West Midlands,County,Con,LD,70252,51033,24856,32158,6804,7302,0,4769,0,0,0,0,0,0,0,0,0
E14000848,North Norfolk,East,County,Con,LD,70729,50823,14395,29792,3895,15397,1739,0,0,0,0,0,0,0,0,0,0
E14000849,North Shropshire,West Midlands,County,Con,Lab,83258,56513,22949,35444,12495,5643,0,1790,0,0,0,0,0,0,0,1141,0
E14000850,North Somerset,South West,County,Con,Lab,80194,62055,17536,32801,15265,11051,0,2938,0,0,0,0,0,0,0,0,0
E14000851,North Swindon,South West,County,Con,Lab,82441,55115,16171,32584,16413,4408,0,1710,0,0,0,0,0,0,0,0,0
E14000852,North Thanet,South East,County,Con,Lab,72756,48178,17189,30066,12877,3439,0,1796,0,0,0,0,0,0,0,0,0
E14000853,North Tyneside,North East,Borough,Lab,Con,78902,50429,9561,15490,25051,3241,5254,1393,0,0,0,0,0,0,0,0,0
E14000854,North Warwickshire,West Midlands,County,Con,Lab,70271,45914,17956,30249,12293,2069,0,1303,0,0,0,0,0,0,0,0,0
E14000855,North West Cambridgeshire,East,County,Con,Lab,94909,64533,25983,40307,14324,6881,0,3021,0,0,0,0,0,0,0,0,0
E14000856,North West Durham,North East,County,Con,Lab,72166,47663,1144,19990,18846,2831,3193,1173,0,0,0,0,0,0,0,1630,0
E14000857,North West Hampshire,South East,County,Con,LD,83083,58918,26308,36591,9327,10283,0,2717,0,0,0,0,0,0,0,0,0
E14000858,North West Leicestershire,East Midlands,County,Con,Lab,78935,53821,20400,33811,13411,3614,0,2478,0,0,0,0,0,0,0,507,0
E14000859,North West Norfolk,East,County,Con,Lab,72080,46602,19922,30627,10705,3625,0,1645,0,0,0,0,0,0,0,0,0
E14000860,North Wiltshire,South West,County,Con,LD,73280,54758,17626,32373,5699,14747,0,1939,0,0,0,0,0,0,0,0,0
E14000863,Norwich North,East,Borough,Con,Lab,67172,46285,4738,23397,18659,2663,0,1078,0,0,0,0,0,0,0,488,0
E14000864,Norwich South,East,Borough,Lab,Con,77845,51673,12760,15006,27766,4776,1656,2469,0,0,0,0,0,0,0,0,0
E14000865,Nottingham East,East Midlands,Borough,Lab,Con,66262,40004,17393,8342,25735,1954,1343,1183,0,0,0,0,0,0,0,1447,0
E14000866,Nottingham North,East Midlands,Borough,Lab,Con,66495,35320,4490,12847,17337,1582,2686,868,0,0,0,0,0,0,0,0,0
E14000867,Nottingham South,East Midlands,Borough,Lab,Con,79485,48134,12568,14018,26586,3935,2012,1583,0,0,0,0,0,0,0,0,0
E14000868,Nuneaton,West Midlands,County,Con,Lab,70226,45190,13144,27390,14246,1862,0,1692,0,0,0,0,0,0,0,0,0
S14000050,Ochil and South Perthshire,Scotland,County,SNP,Con,78776,57813,4498,22384,4961,3204,0,0,26882,0,0,0,0,0,0,382,0
W07000074,Ogmore,Wales,County,Lab,Con,57581,35390,7805,9797,17602,1460,2991,621,0,2919,0,0,0,0,0,0,0
E14000869,Old Bexley and Sidcup,London,Borough,Con,Lab,66104,46145,18952,29786,10834,3822,0,1477,0,0,0,0,0,0,0,226,0
E14000870,Oldham East and Saddleworth,North West,County,Lab,Con,72120,46164,1499,18589,20088,2423,2980,778,0,0,0,0,0,0,0,1306,0
E14000871,Oldham West and Royton,North West,Borough,Lab,Con,72999,44434,11127,13452,24579,1484,3316,681,0,0,0,0,0,0,0,922,0
S14000051,Orkney and Shetland,Scotland,County,LD,SNP,34211,23160,2507,2287,1550,10381,900,0,7874,0,0,0,0,0,0,168,0
E14000872,Orpington,London,Borough,Con,Lab,68877,48721,22378,30882,8504,7552,0,1783,0,0,0,0,0,0,0,0,0
E14000873,Oxford East,South East,Borough,Lab,Con,78303,49359,17832,10303,28135,6884,1146,2392,0,0,0,0,0,0,0,499,0
E14000874,Oxford West and Abingdon,South East,County,LD,Con,76951,58824,8943,22397,4258,31340,829,0,0,0,0,0,0,0,0,0,0
S14000052,Paisley and Renfrewshire North,Scotland,County,SNP,Lab,72007,49682,11902,11217,11451,3661,0,0,23353,0,0,0,0,0,0,0,0
S14000053,Paisley and Renfrewshire South,Scotland,County,SNP,Lab,64385,43084,10679,7571,10958,2918,0,0,21637,0,0,0,0,0,0,0,0
E14000875,Pendle,North West,Borough,Con,Lab,65292,44460,6186,24076,17890,1548,0,678,0,0,0,0,0,0,0,268,0
E14000876,Penistone and Stocksbridge,Yorkshire and The Humber,County,Con,Lab,70925,49520,7210,23688,16478,5054,4300,0,0,0,0,0,0,0,0,0,0
E14000877,Penrith and The Border,North West,County,Con,Lab,67555,47824,18519,28875,10356,5364,0,2159,0,0,0,0,0,0,0,1070,0
S14000054,Perth and North Perthshire,Scotland,County,SNP,Con,72600,54076,7550,19812,2471,3780,651,0,27362,0,0,0,0,0,0,0,0
E14000878,Peterborough,East,Borough,Con,Lab,72560,47801,2580,22334,19754,2334,2127,728,0,0,0,0,0,0,0,524,0
E14000879,"Plymouth, Moor View",South West,Borough,Con,Lab,69430,44239,12897,26831,13934,2301,0,1173,0,0,0,0,0,0,0,0,0
E14000880,"Plymouth, Sutton and Devonport",South West,Borough,Lab,Con,77852,53176,4757,20704,25461,2545,2909,1557,0,0,0,0,0,0,0,0,0
W07000075,Pontypridd,Wales,County,Lab,Con,60327,39060,5887,11494,17381,0,2917,0,0,4990,0,0,0,0,0,2278,0
E14000881,Poole,South West,Borough,Con,Lab,73989,50451,19116,29599,10483,7819,0,1702,0,0,0,0,0,0,0,848,0
E14000882,Poplar and Limehouse,London,Borough,Lab,Con,91836,61276,28904,9756,38660,8832,1493,2159,0,0,0,0,0,0,0,376,0
E14000883,Portsmouth North,South East,Borough,Con,Lab,71299,45910,15780,28172,12392,3419,0,1304,0,0,0,0,0,0,0,623,0
E14000884,Portsmouth South,South East,Borough,Lab,Con,74186,47425,5363,17705,23068,5418,994,0,0,0,0,0,0,0,0,240,0
W07000065,Preseli Pembrokeshire,Wales,County,Con,Lab,59606,42419,5062,21381,16319,1943,0,0,0,2776,0,0,0,0,0,0,0
E14000885,Preston,North West,Borough,Lab,Con,59672,33790,12146,8724,20870,1737,1799,660,0,0,0,0,0,0,0,0,0
E14000886,Pudsey,Yorkshire and The Humber,Borough,Con,Lab,73212,54215,3517,26453,22936,3088,0,894,0,0,0,0,0,0,0,844,0
E14000887,Putney,London,Borough,Lab,Con,65556,50467,4774,18006,22780,8548,0,1133,0,0,0,0,0,0,0,0,0
E14000888,Rayleigh and Wickford,East,County,Con,Lab,78930,54901,31000,39864,8864,4171,0,2002,0,0,0,0,0,0,0,0,0
E14000889,Reading East,South East,Borough,Lab,Con,77152,55918,5924,21178,27102,5035,852,1549,0,0,0,0,0,0,0,202,0
E14000890,Reading West,South East,County,Con,Lab,74137,50392,4117,24393,20276,4460,0,1263,0,0,0,0,0,0,0,0,0
E14000891,Redcar,North East,Borough,Con,Lab,65864,40842,3527,18811,15284,2018,2915,491,0,0,0,0,0,0,0,1323,0
E14000892,Redditch,West Midlands,County,Con,Lab,65391,44067,16036,27907,11871,2905,0,1384,0,0,0,0,0,0,0,0,0
E14000893,Reigate,South East,Borough,Con,Lab,74242,53156,18310,28665,10355,10320,0,3169,0,0,0,0,0,0,0,647,0
W07000052,Rhondda,Wales,County,Lab,Con,50262,29642,11440,4675,16115,612,3733,438,0,4069,0,0,0,0,0,0,0
E14000894,Ribble Valley,North West,County,Con,Lab,79247,55284,18439,33346,14907,4776,0,1704,0,0,0,0,0,0,0,551,0
E14000896,Richmond Park,London,Borough,LD,Con,82699,65067,7766,26793,3407,34559,0,0,0,0,0,0,0,0,0,308,0
E14000895,Richmond (Yorks),Yorkshire and The Humber,County,Con,Lab,82569,57703,27210,36693,9483,6989,0,2500,0,0,0,0,0,0,0,2038,0
E14000897,Rochdale,North West,County,Lab,Con,78909,47447,9668,14807,24475,3312,3867,986,0,0,0,0,0,0,0,0,0
E14000898,Rochester and Strood,South East,County,Con,Lab,82056,51926,17072,31151,14079,3717,0,1312,0,0,0,0,0,0,0,1667,0
E14000899,Rochford and Southend East,East,County,Con,Lab,75624,46136,12286,27063,14777,2822,0,0,0,0,0,0,0,0,0,1474,0
E14000900,Romford,London,Borough,Con,Lab,72350,47231,17893,30494,12601,2708,0,1428,0,0,0,0,0,0,0,0,0
E14000901,Romsey and Southampton North,South East,County,Con,LD,68228,51390,10872,27862,5898,16990,0,0,0,0,0,0,0,0,0,640,0
E14000902,Rossendale and Darwen,North West,Borough,Con,Lab,72770,48822,9522,27570,18048,2011,0,1193,0,0,0,0,0,0,0,0,0
S14000055,"Ross, Skye and Lochaber",Scotland,County,SNP,LD,54230,39869,9443,6900,2448,9820,710,0,19263,0,0,0,0,0,0,728,0
E14000904,Rotherham,Yorkshire and The Humber,Borough,Lab,Con,61688,35651,3121,11615,14736,2090,6125,0,0,0,0,0,0,0,0,1085,0
E14000903,Rother Valley,Yorkshire and The Humber,County,Con,Lab,74804,48698,6318,21970,15652,2553,6264,1219,0,0,0,0,0,0,0,1040,0
E14000905,Rugby,West Midlands,County,Con,Lab,72292,50814,13447,29255,15808,4207,0,1544,0,0,0,0,0,0,0,0,0
E14000906,"Ruislip, Northwood and Pinner",London,Borough,Con,Lab,72816,52904,16394,29391,12997,7986,0,1646,0,0,0,0,0,0,0,884,0
E14000907,Runnymede and Weybridge,South East,County,Con,Lab,77196,53289,18270,29262,10992,9236,0,1876,0,0,0,0,0,0,0,1923,0
E14000908,Rushcliffe,East Midlands,County,Con,Lab,77047,60505,7643,28765,21122,9600,0,0,0,0,0,0,0,0,0,1018,0
S14000056,Rutherglen and Hamilton West,Scotland,Borough,SNP,Lab,80918,53794,5230,8054,18545,2791,0,0,23775,0,0,0,0,0,0,629,0
E14000909,Rutland and Melton,East Midlands,County,Con,Lab,82705,58310,26924,36507,9583,7970,0,2875,0,0,0,0,0,0,0,1375,0
E14000910,Saffron Walden,East,County,Con,LD,87017,63086,27594,39714,8305,12120,0,2947,0,0,0,0,0,0,0,0,0
E14000911,Salford and Eccles,North West,Borough,Lab,Con,82202,50632,16327,12428,28755,3099,4290,2060,0,0,0,0,0,0,0,0,0
E14000912,Salisbury,South West,County,Con,LD,74556,53730,19736,30280,9675,10544,0,2486,0,0,0,0,0,0,0,745,0
E14000913,Scarborough and Whitby,Yorkshire and The Humber,County,Con,Lab,74404,49724,10270,27593,17323,3038,0,0,0,0,0,0,0,0,0,1770,0
E14000914,Scunthorpe,Yorkshire and The Humber,County,Con,Lab,61955,37750,6451,20306,13855,875,2044,670,0,0,0,0,0,0,0,0,0
E14000915,Sedgefield,North East,County,Con,Lab,64325,41566,4513,19609,15096,1955,3518,994,0,0,0,0,0,0,0,394,0
E14000916,Sefton Central,North West,County,Lab,Con,69760,50880,15122,14132,29254,3386,2425,1261,0,0,0,0,0,0,0,422,0
E14000917,Selby and Ainsty,Yorkshire and The Humber,County,Con,Lab,78398,56418,20137,33995,13858,4842,0,1823,0,0,0,0,0,0,0,1900,0
E14000918,Sevenoaks,South East,County,Con,LD,71757,50956,20818,30932,6946,10114,0,1974,0,0,0,0,0,0,0,990,0
E14000921,"Sheffield, Brightside and Hillsborough",Yorkshire and The Humber,Borough,Lab,Con,69333,39600,12274,10095,22369,1517,3855,1179,0,0,0,0,0,0,0,585,0
E14000919,Sheffield Central,Yorkshire and The Humber,Borough,Lab,Con,89849,50913,27273,6695,33968,3237,1969,4570,0,0,0,0,0,0,0,474,0
E14000922,"Sheffield, Hallam",Yorkshire and The Humber,County,Lab,LD,72763,56885,712,14696,19709,18997,1562,1630,0,0,0,0,0,0,0,291,0
E14000923,"Sheffield, Heeley",Yorkshire and The Humber,Borough,Lab,Con,66940,42695,8520,12955,21475,2916,3538,1811,0,0,0,0,0,0,0,0,0
E14000920,Sheffield South East,Yorkshire and The Humber,Borough,Lab,Con,67832,41998,4289,15070,19359,2125,4478,0,0,0,0,0,0,0,0,966,0
E14000924,Sherwood,East Midlands,County,Con,Lab,77888,52709,16186,32049,15863,2883,0,1214,0,0,0,0,0,0,0,700,0
E14000925,Shipley,Yorkshire and The Humber,County,Con,Lab,74029,54004,6242,27437,21195,3188,0,1301,0,0,0,0,0,0,0,883,0
E14000926,Shrewsbury and Atcham,West Midlands,County,Con,Lab,82238,59065,11217,31021,19804,5906,0,1762,0,0,0,0,0,0,0,572,0
E14000927,Sittingbourne and Sheppey,South East,County,Con,Lab,83917,51394,24479,34742,10263,3213,0,1188,0,0,0,0,0,0,0,1988,0
E14000928,Skipton and Ripon,Yorkshire and The Humber,County,Con,Lab,78673,58724,23694,34919,11225,8701,0,2748,0,0,0,0,0,0,0,1131,0
E14000929,Sleaford and North Hykeham,East Midlands,County,Con,Lab,94761,66554,32565,44683,12118,5355,0,1742,0,0,0,0,0,0,0,2656,0
E14000930,Slough,South East,Borough,Lab,Con,86818,51038,13640,15781,29421,3357,1432,1047,0,0,0,0,0,0,0,0,0
E14000931,Solihull,West Midlands,Borough,Con,Lab,78760,55344,21273,32309,11036,9977,0,2022,0,0,0,0,0,0,0,0,0
E14000932,Somerton and Frome,South West,County,Con,LD,85866,64896,19213,36230,8354,17017,0,3295,0,0,0,0,0,0,0,0,0
E14000955,"Southampton, Itchen",South East,Borough,Con,Lab,72299,47421,4498,23952,19454,2503,0,1040,0,0,0,0,0,0,0,472,0
E14000956,"Southampton, Test",South East,Borough,Lab,Con,70116,44994,6213,16043,22256,3449,1591,1433,0,0,0,0,0,0,0,222,0
N06000014,South Antrim,Northern Ireland,County,DUP,UUP,71711,42974,2689,0,0,0,0,0,0,0,15149,4887,2288,12460,8190,0,0
E14000933,South Basildon and East Thurrock,East,County,Con,Lab,74441,45297,19922,29973,10051,1957,0,0,0,0,0,0,0,0,0,3316,0
E14000934,South Cambridgeshire,East,County,Con,LD,87288,66929,2904,31015,7803,28111,0,0,0,0,0,0,0,0,0,0,0
E14000935,South Derbyshire,East Midlands,County,Con,Lab,79331,53381,19335,33502,14167,3924,0,1788,0,0,0,0,0,0,0,0,0
E14000936,South Dorset,South West,County,Con,Lab,73809,51058,17153,30024,12871,5432,0,2246,0,0,0,0,0,0,0,485,0
N06000015,South Down,Northern Ireland,County,SF,SDLP,79175,49762,1620,0,0,0,0,0,0,0,7619,16137,14517,3307,6916,1266,0
E14000937,South East Cambridgeshire,East,County,Con,LD,86769,64385,11490,32187,10492,20697,0,0,0,0,0,0,0,0,0,1009,0
E14000938,South East Cornwall,South West,County,Con,Lab,71825,53655,20971,31807,10836,8650,0,1493,0,0,0,0,0,0,0,869,0
E14000957,Southend West,East,Borough,Con,Lab,69043,46537,14459,27555,13096,5312,0,0,0,0,0,0,0,0,0,574,0
E14000939,South Holland and The Deepings,East Midlands,County,Con,Lab,75975,49179,30838,37338,6500,3225,0,1613,0,0,0,0,0,0,0,503,0
E14000940,South Leicestershire,East Midlands,County,Con,Lab,80520,57469,24004,36791,12787,5452,0,2439,0,0,0,0,0,0,0,0,0
E14000941,South Norfolk,East,County,Con,Lab,86214,62484,21275,36258,14983,8744,0,2499,0,0,0,0,0,0,0,0,0
E14000942,South Northamptonshire,East Midlands,County,Con,Lab,90842,66908,27761,41755,13994,7891,0,2634,0,0,0,0,0,0,0,634,0
E14000958,Southport,North West,Borough,Con,Lab,70837,48180,4147,22914,18767,6499,0,0,0,0,0,0,0,0,0,0,0
E14000943,South Ribble,North West,County,Con,Lab,75351,53784,11199,30028,18829,3720,0,1207,0,0,0,0,0,0,0,0,0
E14000944,South Shields,North East,Borough,Lab,Con,62793,37882,9585,7688,17273,1514,6446,1303,0,0,0,0,0,0,0,3658,0
E14000945,South Staffordshire,West Midlands,County,Con,Lab,73668,50005,28250,36520,8270,3280,0,1935,0,0,0,0,0,0,0,0,0
E14000946,South Suffolk,East,County,Con,Lab,76201,53489,22897,33270,10373,6702,0,3144,0,0,0,0,0,0,0,0,0
E14000947,South Swindon,South West,County,Con,Lab,73118,50746,6625,26536,19911,4299,0,0,0,0,0,0,0,0,0,0,0
E14000948,South Thanet,South East,County,Con,Lab,73223,48257,10587,27084,16497,2727,0,1949,0,0,0,0,0,0,0,0,0
E14000949,South West Bedfordshire,East,County,Con,Lab,79926,53307,18583,32212,13629,5435,0,2031,0,0,0,0,0,0,0,0,0
E14000950,South West Devon,South West,County,Con,Lab,72535,53367,21430,33286,11856,6207,0,2018,0,0,0,0,0,0,0,0,0
E14000951,South West Hertfordshire,East,County,Con,Ind,80499,61191,14408,30327,7228,6251,0,1466,0,0,0,0,0,0,0,15919,0
E14000952,South West Norfolk,East,County,Con,Lab,78455,51466,26195,35507,9312,4166,0,1645,0,0,0,0,0,0,0,836,0
E14000953,South West Surrey,South East,County,Con,LD,79096,60340,8817,32191,4775,23374,0,0,0,0,0,0,0,0,0,0,0
E14000954,South West Wiltshire,South West,County,Con,Lab,77969,54895,21630,33038,11408,8015,0,2434,0,0,0,0,0,0,0,0,0
E14000959,Spelthorne,South East,Borough,Con,Lab,70929,49510,18393,29141,10748,7499,0,2122,0,0,0,0,0,0,0,0,0
E14000965,Stafford,West Midlands,County,Con,Lab,72572,51149,14377,29992,15615,3175,0,2367,0,0,0,0,0,0,0,0,0
E14000966,Staffordshire Moorlands,West Midlands,County,Con,Lab,65485,43656,16428,28192,11764,2469,0,1231,0,0,0,0,0,0,0,0,0
E14000960,St Albans,East,County,LD,Con,73727,57599,6293,22574,5000,28867,0,1004,0,0,0,0,0,0,0,154,0
E14000967,Stalybridge and Hyde,North West,County,Lab,Con,73064,42368,2946,16079,19025,1827,3591,1411,0,0,0,0,0,0,0,435,0
E14000961,St Austell and Newquay,South West,County,Con,Lab,79930,55776,16526,31273,14747,5861,0,1609,0,0,0,0,0,0,0,2286,0
E14000968,Stevenage,East,County,Con,Lab,71562,47683,8562,25328,16766,4132,0,1457,0,0,0,0,0,0,0,0,0
E14000962,St Helens North,North West,Borough,Lab,Con,75593,47561,12209,12661,24870,2668,5396,1966,0,0,0,0,0,0,0,0,0
E14000963,St Helens South and Whiston,North West,Borough,Lab,Con,79061,50313,19122,10335,29457,2886,5353,2282,0,0,0,0,0,0,0,0,0
S14000057,Stirling,Scotland,County,SNP,Con,68473,52620,9254,17641,4275,2867,0,942,26895,0,0,0,0,0,0,0,0
E14000964,St Ives,South West,County,Con,LD,68795,51413,4280,25365,3553,21085,0,964,0,0,0,0,0,0,0,446,0
E14000969,Stockport,North West,Borough,Lab,Con,65391,41715,10039,11656,21695,5043,1918,1403,0,0,0,0,0,0,0,0,0
E14000970,Stockton North,North East,Borough,Lab,Con,66649,41156,1027,16701,17728,1631,3907,0,0,0,0,0,0,0,0,1189,0
E14000971,Stockton South,North East,Borough,Con,Lab,76870,54802,5260,27764,22504,2338,2196,0,0,0,0,0,0,0,0,0,0
E14000972,Stoke-On-Trent Central,West Midlands,Borough,Con,Lab,55419,32070,670,14557,13887,1116,1691,819,0,0,0,0,0,0,0,0,0
E14000973,Stoke-On-Trent North,West Midlands,Borough,Con,Lab,68298,40134,6286,20974,14688,1268,2374,508,0,0,0,0,0,0,0,322,0
E14000974,Stoke-On-Trent South,West Midlands,Borough,Con,Lab,64491,39604,11271,24632,13361,1611,0,0,0,0,0,0,0,0,0,0,0
E14000975,Stone,West Midlands,County,Con,Lab,69378,49843,19945,31687,11742,4412,0,2002,0,0,0,0,0,0,0,0,0
E14000976,Stourbridge,West Midlands,Borough,Con,Lab,69891,45689,13571,27534,13963,2523,0,1048,0,0,0,0,0,0,0,621,0
N06000016,Strangford,Northern Ireland,County,DUP,Alliance,66928,37485,7071,1476,0,0,0,790,0,0,17705,555,1994,4023,10634,308,0
E14000977,Stratford-On-Avon,West Midlands,County,Con,LD,74037,55048,19972,33343,6222,13371,0,2112,0,0,0,0,0,0,0,0,0
E14000978,Streatham,London,Borough,Lab,LD,84783,56513,17690,9060,30976,13286,624,2567,0,0,0,0,0,0,0,0,0
E14000979,Stretford and Urmston,North West,Borough,Lab,Con,72372,50067,16417,13778,30195,2969,1768,1357,0,0,0,0,0,0,0,0,0
E14000980,Stroud,South West,County,Con,Lab,84537,65930,3840,31582,27742,0,1085,4954,0,0,0,0,0,0,0,567,0
E14000981,Suffolk Coastal,East,County,Con,Lab,81910,58308,20533,32958,12425,8719,0,2713,0,0,0,0,0,0,0,1493,0
E14000982,Sunderland Central,North East,Borough,Lab,Con,72680,43476,2964,15372,18336,3025,5047,1212,0,0,0,0,0,0,0,484,0
E14000983,Surrey Heath,South East,County,Con,LD,81349,58654,18349,34358,5407,16009,0,2252,0,0,0,0,0,0,0,628,0
E14000984,Sutton and Cheam,London,Borough,Con,LD,71779,50487,8351,25235,7200,16884,0,1168,0,0,0,0,0,0,0,0,0
E14000985,Sutton Coldfield,West Midlands,Borough,Con,Lab,75638,52325,19272,31604,12332,6358,0,2031,0,0,0,0,0,0,0,0,0
W07000048,Swansea East,Wales,Borough,Lab,Con,58450,33579,7970,9435,17405,1409,2842,583,0,1905,0,0,0,0,0,0,0
W07000047,Swansea West,Wales,Borough,Lab,Con,57078,35830,8116,10377,18493,2993,1983,0,0,1984,0,0,0,0,0,0,0
E14000986,Tamworth,West Midlands,County,Con,Lab,71572,46056,19634,30542,10908,2426,0,935,0,0,0,0,0,0,0,1245,0
E14000987,Tatton,North West,County,Con,Lab,69018,48967,17387,28277,10890,7712,0,2088,0,0,0,0,0,0,0,0,0
E14000988,Taunton Deane,South West,County,Con,LD,88676,63733,11700,34164,4715,22464,0,0,0,0,0,0,0,0,0,2390,0
E14000989,Telford,West Midlands,Borough,Con,Lab,68921,42825,10941,25546,14605,2674,0,0,0,0,0,0,0,0,0,0,0
E14000990,Tewkesbury,South West,County,Con,LD,83958,61140,22410,35728,9310,13318,0,2784,0,0,0,0,0,0,0,0,0
E14000991,The Cotswolds,South West,County,Con,LD,81939,61176,20214,35484,7110,15270,0,3312,0,0,0,0,0,0,0,0,0
E14000992,The Wrekin,West Midlands,County,Con,Lab,70693,48890,18726,31029,12303,4067,0,1491,0,0,0,0,0,0,0,0,0
E14000993,Thirsk and Malton,Yorkshire and The Humber,County,Con,Lab,80991,56588,25154,35634,10480,6774,0,2263,0,0,0,0,0,0,0,1437,0
E14000994,Thornbury and Yate,South West,County,Con,LD,69492,52243,12369,30202,4208,17833,0,0,0,0,0,0,0,0,0,0,0
E14000995,Thurrock,East,Borough,Con,Lab,79659,47467,11482,27795,16313,1510,0,807,0,0,0,0,0,0,0,1042,0
E14000996,Tiverton and Honiton,South West,County,Con,Lab,82953,59613,24239,35893,11654,8807,0,2291,0,0,0,0,0,0,0,968,0
E14000997,Tonbridge and Malling,South East,County,Con,LD,79278,57003,26941,35784,8286,8843,0,4090,0,0,0,0,0,0,0,0,0
E14000998,Tooting,London,Borough,Lab,Con,76954,58473,14307,16504,30811,8305,462,2314,0,0,0,0,0,0,0,77,0
E14000999,Torbay,South West,Borough,Con,LD,75054,50426,17749,29863,6562,12114,0,1239,0,0,0,0,0,0,0,648,0
W07000053,Torfaen,Wales,County,Lab,Con,62330,37176,3742,11804,15546,1831,5742,812,0,1441,0,0,0,0,0,0,0
E14001000,Torridge and West Devon,South West,County,Con,LD,80403,59730,24992,35904,10290,10912,0,2077,0,0,0,0,0,0,0,547,0
E14001001,Totnes,South West,County,Con,LD,69863,52182,12724,27751,8860,15027,0,0,0,0,0,0,0,0,0,544,0
E14001002,Tottenham,London,Borough,Lab,Con,75740,46856,30175,5446,35621,3168,527,1873,0,0,0,0,0,0,0,221,0
E14001003,Truro and Falmouth,South West,County,Con,Lab,76719,59190,4561,27237,22676,7150,0,1714,0,0,0,0,0,0,0,413,0
E14001004,Tunbridge Wells,South East,County,Con,LD,74823,54650,14645,30119,8098,15474,0,0,0,0,0,0,0,0,0,959,0
E14001005,Twickenham,London,Borough,LD,Con,84906,64503,14121,22045,5476,36166,816,0,0,0,0,0,0,0,0,0,0
E14001006,Tynemouth,North East,Borough,Lab,Con,77261,56034,4857,22071,26928,3791,1963,1281,0,0,0,0,0,0,0,0,0
N06000017,Upper Bann,Northern Ireland,County,DUP,SF,82887,50045,8210,0,0,0,0,0,0,0,20501,12291,4623,6197,6433,0,0
E14001007,Uxbridge and South Ruislip,London,Borough,Con,Lab,70365,48187,7210,25351,18141,3026,0,1090,0,0,0,0,0,0,0,579,0
W07000060,Vale Of Clwyd,Wales,County,Con,Lab,56649,37213,1827,17270,15443,1471,1477,0,0,1552,0,0,0,0,0,0,0
W07000078,Vale Of Glamorgan,Wales,County,Con,Lab,76508,54807,3562,27305,23743,0,0,3251,0,0,0,0,0,0,0,508,0
E14001008,Vauxhall,London,Borough,Lab,LD,88659,56333,19612,9422,31615,12003,641,2516,0,0,0,0,0,0,0,136,0
E14001009,Wakefield,Yorkshire and The Humber,County,Con,Lab,70192,45027,3358,21283,17925,1772,2725,0,0,0,0,0,0,0,0,1322,0
E14001010,Wallasey,North West,Borough,Lab,Con,66310,46492,18322,11579,29901,1843,2037,1132,0,0,0,0,0,0,0,0,0
E14001011,Walsall North,West Midlands,Borough,Con,Lab,67177,36556,11965,23334,11369,1236,0,617,0,0,0,0,0,0,0,0,0
E14001012,Walsall South,West Midlands,Borough,Lab,Con,68024,42472,3456,17416,20872,1602,1660,634,0,0,0,0,0,0,0,288,0
E14001013,Walthamstow,London,County,Lab,Con,70267,48335,30862,5922,36784,2874,768,1733,0,0,0,0,0,0,0,254,0
E14001014,Wansbeck,North East,County,Lab,Con,63339,40509,814,16310,17124,2539,3141,1217,0,0,0,0,0,0,0,178,0
E14001015,Wantage,South East,County,Con,LD,90867,67173,12653,34085,10181,21432,0,0,0,0,0,0,0,0,0,1475,0
E14001016,Warley,West Midlands,Borough,Lab,Con,62357,37239,11511,10390,21901,1588,2469,891,0,0,0,0,0,0,0,0,0
E14001017,Warrington North,North West,Borough,Lab,Con,72235,46667,1509,19102,20611,3071,2626,1257,0,0,0,0,0,0,0,0,0
E14001018,Warrington South,North West,Borough,Con,Lab,86015,61899,2010,28187,26177,5732,1635,0,0,0,0,0,0,0,0,168,0
E14001019,Warwick and Leamington,West Midlands,Borough,Lab,Con,76362,54205,789,22929,23718,4995,807,1536,0,0,0,0,0,0,0,220,0
E14001020,Washington and Sunderland West,North East,Borough,Lab,Con,66278,37513,3723,12218,15941,2071,5439,1005,0,0,0,0,0,0,0,839,0
E14001021,Watford,East,Borough,Con,Lab,83359,58065,4433,26421,21988,9323,0,0,0,0,0,0,0,0,0,333,0
E14001022,Waveney,East,County,Con,Lab,82791,51129,18002,31778,13776,2603,0,2727,0,0,0,0,0,0,0,245,0
E14001023,Wealden,South East,County,Con,LD,82998,60907,25655,37043,9377,11388,0,3099,0,0,0,0,0,0,0,0,0
E14001024,Weaver Vale,North West,County,Lab,Con,70551,50713,562,22210,22772,3300,1380,1051,0,0,0,0,0,0,0,0,0
E14001025,Wellingborough,East Midlands,County,Con,Lab,80765,51913,18540,32277,13737,4078,0,1821,0,0,0,0,0,0,0,0,0
E14001026,Wells,South West,County,Con,LD,84124,61628,9991,33336,4304,23345,0,0,0,0,0,0,0,0,0,643,0
E14001027,Welwyn Hatfield,East,County,Con,Lab,74892,52053,10955,27394,16439,6602,0,1618,0,0,0,0,0,0,0,0,0
E14001028,Wentworth and Dearne,Yorkshire and The Humber,County,Lab,Con,74536,41557,2165,14577,16742,1705,7019,0,0,0,0,0,0,0,0,1514,0
S14000058,West Aberdeenshire and Kincardine,Scotland,County,Con,SNP,72640,53345,843,22752,2431,6253,0,0,21909,0,0,0,0,0,0,0,0
E14001029,West Bromwich East,West Midlands,Borough,Con,Lab,62046,35975,1593,16804,15211,1313,1475,627,0,0,0,0,0,0,0,545,0
E14001030,West Bromwich West,West Midlands,Borough,Con,Lab,64517,34459,3799,17419,13620,915,1841,664,0,0,0,0,0,0,0,0,0
E14001031,West Dorset,South West,County,Con,LD,81897,60925,14106,33589,5729,19483,0,2124,0,0,0,0,0,0,0,0,0
S14000059,West Dunbartonshire,Scotland,County,SNP,Lab,66517,45140,9553,6436,12843,1890,0,867,22396,0,0,0,0,0,0,708,0
E14001032,West Ham,London,Borough,Lab,Con,97947,60200,32388,9793,42181,4161,1679,1780,0,0,0,0,0,0,0,606,0
E14001033,West Lancashire,North West,County,Lab,Con,73347,52663,8336,19122,27458,2560,2275,1248,0,0,0,0,0,0,0,0,0
E14001036,Westminster North,London,Borough,Lab,Con,65519,42911,10759,12481,23240,5593,418,1064,0,0,0,0,0,0,0,115,0
E14001037,Westmorland and Lonsdale,North West,County,LD,Con,67789,52712,1934,23861,2293,25795,763,0,0,0,0,0,0,0,0,0,0
E14001038,Weston-Super-Mare,South West,County,Con,Lab,82526,55614,17121,31983,14862,6935,0,1834,0,0,0,0,0,0,0,0,0
E14001034,West Suffolk,East,County,Con,Lab,80193,51437,23194,33842,10648,4685,0,2262,0,0,0,0,0,0,0,0,0
N06000018,West Tyrone,Northern Ireland,County,SF,DUP,66259,41186,7478,0,0,0,0,521,0,0,9066,16544,7330,2774,3979,972,0
E14001035,West Worcestershire,West Midlands,County,Con,LD,76241,57530,24499,34909,9496,10410,0,2715,0,0,0,0,0,0,0,0,0
E14001039,Wigan,North West,County,Lab,Con,75680,45042,6728,14314,21042,2428,5959,1299,0,0,0,0,0,0,0,0,0
E14001040,Wimbledon,London,Borough,Con,LD,68240,53027,628,20373,12543,19745,0,0,0,0,0,0,0,0,0,366,0
E14001041,Winchester,South East,County,Con,LD,75582,58890,985,28430,2723,27445,0,0,0,0,0,0,0,0,0,292,0
E14001042,Windsor,South East,County,Con,LD,75038,53750,20079,31501,8147,11422,0,1796,0,0,0,0,0,0,0,884,0
E14001043,Wirral South,North West,County,Lab,Con,57280,43547,6105,16179,22284,2917,1219,948,0,0,0,0,0,0,0,0,0
E14001044,Wirral West,North West,County,Lab,Con,55550,42918,3003,17692,20695,2706,860,965,0,0,0,0,0,0,0,0,0
E14001045,Witham,East,County,Con,Lab,70402,49344,24082,32876,8794,4584,0,3090,0,0,0,0,0,0,0,0,0
E14001046,Witney,South East,County,Con,LD,83845,61305,15177,33856,8770,18679,0,0,0,0,0,0,0,0,0,0,0
E14001047,Woking,South East,County,Con,LD,75424,53937,9767,26396,8827,16629,0,1485,0,0,0,0,0,0,0,600,0
E14001048,Wokingham,South East,County,Con,LD,83953,61997,7383,30734,6450,23351,0,1382,0,0,0,0,0,0,0,80,0
E14001049,Wolverhampton North East,West Midlands,Borough,Con,Lab,61660,34281,4080,17722,13642,960,1354,603,0,0,0,0,0,0,0,0,0
E14001050,Wolverhampton South East,West Midlands,Borough,Lab,Con,62883,33443,1235,14287,15522,1019,2094,521,0,0,0,0,0,0,0,0,0
E14001051,Wolverhampton South West,West Midlands,Borough,Con,Lab,60534,41136,1661,19864,18203,2041,1028,0,0,0,0,0,0,0,0,0,0
E14001052,Worcester,West Midlands,Borough,Con,Lab,73485,50898,6758,25856,19098,3666,0,1694,0,0,0,0,0,0,0,584,0
E14001053,Workington,North West,County,Con,Lab,61370,41599,4176,20488,16312,1525,1749,596,0,0,0,0,0,0,0,929,0
E14001054,Worsley and Eccles South,North West,County,Lab,Con,75219,44707,3219,17227,20446,2510,3224,1300,0,0,0,0,0,0,0,0,0
E14001055,Worthing West,South East,Borough,Con,Lab,78585,54648,14823,30475,15652,6024,0,2008,0,0,0,0,0,0,0,489,0
W07000044,Wrexham,Wales,County,Con,Lab,49737,33532,2131,15199,13068,1447,1222,445,0,2151,0,0,0,0,0,0,0
E14001056,Wycombe,South East,County,Con,Lab,78093,54756,4214,24766,20552,6543,0,1454,0,0,0,0,0,0,0,1441,0
E14001057,Wyre and Preston North,North West,County,Con,Lab,74775,52924,16781,31589,14808,4463,0,1729,0,0,0,0,0,0,0,335,0
E14001058,Wyre Forest,West Midlands,County,Con,Lab,78077,50561,21413,32960,11547,4081,0,1973,0,0,0,0,0,0,0,0,0
E14001059,Wythenshawe and Sale East,North West,Borough,Lab,Con,76313,44759,10396,13459,23855,3111,2717,1559,0,0,0,0,0,0,0,58,0
E14001060,Yeovil,South West,County,Con,LD,82468,59260,16181,34588,3761,18407,0,1629,0,0,0,0,0,0,0,875,0
W07000041,Ynys Mon,Wales,County,Con,Lab,51925,36552,1968,12959,10991,0,2184,0,0,10418,0,0,0,0,0,0,0
E14001061,York Central,Yorkshire and The Humber,Borough,Lab,Con,74899,49505,13545,13767,27312,4149,1479,2107,0,0,0,0,0,0,0,691,0
E14001062,York Outer,Yorkshire and The Humber,County,Con,Lab,74673,55347,9985,27324,17339,9992,0,0,0,0,0,0,0,0,0,692,0